GSTA,GASC,GHSC,GTOD,GATG,GHTG,SGNM,SEWN,GDAT,GFOT,SEWT,GFFU,GFHU,GMFX,748
0,0,0,930,86,7,4,7,5,0,7,0,0,1
0,0,0,750,143,65,2,7,5,0,7,0,0,1
0,0,0,930,86,53,3,8,5,0,8,0,0,1
0,0,0,930,143,86,4,9,5,0,9,0,0,1
0,0,0,1200,7,53,9,10,5,0,10,0,0,1
0,0,0,1200,65,53,7,11,5,0,11,0,0,1
0,0,0,1080,143,7,5,11,5,0,11,0,0,1
0,0,0,1080,53,143,4,13,5,0,13,0,0,1
0,0,0,1200,86,65,6,12,5,0,12,0,0,1
0,0,0,1080,7,65,2,5,5,0,5,0,0,1
0,0,0,1200,4,103,0,1,4,0,1,0,0,0
0,0,0,930,68,77,3,1,5,0,1,0,0,0
0,0,0,930,89,71,2,1,5,0,1,0,0,0
0,0,0,1200,101,60,4,1,5,0,1,0,0,1
0,0,0,930,105,61,1,1,5,0,1,0,0,0
0,0,0,930,96,85,5,1,6,0,1,0,0,1
0,0,0,750,14,10,1,2,5,0,2,0,0,1
0,0,0,750,19,50,0,2,5,0,2,0,0,1
0,0,0,930,113,95,2,2,5,0,2,0,0,1
0,0,0,1200,218,101,3,2,5,0,2,0,0,0
0,0,0,750,50,41,0,3,5,0,3,0,0,1
0,0,0,1200,61,60,3,3,5,0,3,0,0,0
0,0,0,1080,97,64,2,3,5,0,3,0,0,0
0,0,0,1080,18,144,1,3,5,0,3,0,0,0
0,0,0,930,26,19,0,4,5,0,4,0,0,1
0,0,0,1080,41,69,2,4,5,0,4,0,0,1
0,0,0,1080,60,105,1,4,5,0,4,0,0,0
0,0,0,1200,59,23,4,4,5,0,4,0,0,0
0,0,0,1200,82,81,3,4,5,0,4,0,0,0
0,0,0,930,41,26,1,5,5,0,5,0,0,1
0,0,0,1080,19,2,5,5,5,0,5,0,0,1
0,0,0,1080,12,32,4,5,5,0,5,0,0,1
0,0,0,1080,59,82,3,5,5,0,5,0,0,1
0,0,0,750,16,81,0,5,5,0,5,0,0,1
0,0,0,750,69,14,0,6,5,0,6,0,0,1
0,0,0,930,10,113,1,6,5,0,6,0,0,1
0,0,0,1080,26,95,2,6,5,0,6,0,0,1
0,0,0,1200,82,104,3,6,5,0,6,0,0,1
0,0,0,750,2,50,1,7,5,0,7,0,0,1
0,0,0,750,95,10,0,7,5,0,7,0,0,1
0,0,0,1080,69,19,6,7,5,0,7,0,0,1
0,0,0,1200,23,16,8,7,5,0,7,0,0,1
0,0,0,1080,82,12,5,7,5,0,7,0,0,1
0,0,0,930,104,29,3,7,5,0,7,0,0,1
0,0,0,1200,97,79,7,7,5,0,7,0,0,1
0,0,0,750,10,69,2,8,5,0,8,0,0,1
0,0,0,750,113,14,1,8,5,0,8,0,0,1
0,0,0,1080,50,26,6,8,5,0,8,0,0,1
0,0,0,750,12,104,0,8,5,0,8,0,0,1
0,0,0,1080,32,82,5,8,5,0,8,0,0,1
0,0,0,1200,83,97,7,8,5,0,8,0,0,1
0,0,0,1080,115,23,4,8,5,0,8,0,0,1
0,0,0,750,2,14,1,9,5,0,9,0,0,1
0,0,0,1080,95,19,6,9,5,0,9,0,0,1
0,0,0,1200,41,113,7,9,5,0,9,0,0,1
0,0,0,750,59,12,0,9,5,0,9,0,0,1
0,0,0,1080,29,32,5,9,5,0,9,0,0,1
0,0,0,930,218,61,3,9,5,0,9,0,0,1
0,0,0,930,105,79,2,9,5,0,9,0,0,1
0,0,0,1080,95,69,0,10,4,0,10,0,0,1
0,0,0,750,2,10,3,10,5,0,10,0,0,1
0,0,0,750,14,41,2,10,5,0,10,0,0,1
0,0,0,1200,113,26,8,10,5,0,10,0,0,1
0,0,0,1080,211,188,7,10,5,0,10,0,0,0
0,0,0,1080,32,59,6,10,5,0,10,0,0,1
0,0,0,930,82,29,5,10,5,0,10,0,0,1
0,0,0,930,79,83,4,10,5,0,10,0,0,1
0,0,0,750,97,105,1,10,5,0,10,0,0,1
0,0,0,750,10,26,0,11,5,0,11,0,0,1
0,0,0,1080,19,113,4,11,5,0,11,0,0,1
0,0,0,930,12,29,1,11,5,0,11,0,0,1
0,0,0,1080,104,32,3,11,5,0,11,0,0,1
0,0,0,1080,16,115,2,11,5,0,11,0,0,1
0,0,0,1200,81,23,6,11,5,0,11,0,0,1
0,0,0,1200,14,50,1,12,1,0,12,0,0,1
0,0,0,1080,69,2,0,12,1,0,12,0,0,1
0,0,0,750,19,10,2,12,5,0,12,0,0,1
0,0,0,1080,88,68,5,12,5,0,12,0,0,0
0,0,0,1080,59,104,4,12,5,0,12,0,0,1
0,0,0,930,115,81,3,12,5,0,12,0,0,1
0,0,0,1080,50,69,0,13,0,0,13,0,0,1
0,0,0,1080,95,14,1,13,1,0,13,0,0,1
0,0,0,1080,41,2,2,13,2,0,13,0,0,1
0,0,0,1200,29,59,5,13,5,0,13,0,0,1
0,0,0,1080,105,83,3,13,5,0,13,0,0,1
0,0,0,930,81,32,0,14,5,0,14,0,0,0
0,0,0,1080,13,21,8,8,5,0,8,0,0,1
0,0,0,750,13,28,7,12,5,0,12,0,0,1
0,0,0,750,13,47,6,13,5,0,13,0,0,1
0,0,0,750,63,13,6,5,5,0,5,0,0,1
0,0,0,1080,109,13,9,7,5,0,7,0,0,1
0,0,0,750,21,28,4,2,5,0,2,0,0,1
0,0,0,1080,21,47,8,12,5,0,12,0,0,1
0,0,0,750,21,63,5,4,5,0,4,0,0,1
0,0,0,1080,109,21,10,10,5,0,10,0,0,1
0,0,0,1080,28,47,4,6,5,0,6,0,0,1
0,0,0,750,28,63,8,11,5,0,11,0,0,1
0,0,0,750,28,109,6,4,5,0,4,0,0,1
0,0,0,1080,47,63,5,2,5,0,2,0,0,1
0,0,0,1080,47,109,4,3,5,0,3,0,0,1
0,0,0,1080,63,109,6,1,5,0,1,0,0,1
0,0,0,750,24,31,6,2,5,0,2,0,0,1
0,0,0,750,24,49,7,5,5,0,5,0,0,1
0,0,0,1080,24,62,7,4,5,0,4,0,0,1
0,0,0,1080,107,24,7,13,5,0,13,0,0,1
0,0,0,1080,108,24,8,9,5,0,9,0,0,1
0,0,0,750,31,49,5,6,5,0,6,0,0,1
0,0,0,750,31,62,9,12,5,0,12,0,0,1
0,0,0,1080,31,107,10,7,5,0,7,0,0,1
0,0,0,1080,108,31,8,4,5,0,4,0,0,1
0,0,0,1080,49,62,8,13,5,0,13,0,0,1
0,0,0,750,49,107,9,8,5,0,8,0,0,1
0,0,0,1080,49,108,7,1,5,0,1,0,0,1
0,0,0,1080,62,107,8,5,5,0,5,0,0,1
0,0,0,750,62,108,9,11,5,0,11,0,0,1
0,0,0,1080,107,108,5,3,5,0,3,0,0,1
0,0,0,1080,108,13,7,2,5,0,2,0,0,1
0,0,0,750,31,13,9,9,5,0,9,0,0,1
0,0,0,750,13,49,9,4,5,0,4,0,0,1
0,0,0,750,31,21,10,11,5,0,11,0,0,1
0,0,0,750,49,21,11,7,5,0,7,0,0,1
0,0,0,750,21,107,10,9,5,0,9,0,0,1
0,0,0,930,49,28,11,9,5,0,9,0,0,1
0,0,0,750,107,28,11,10,5,0,10,0,0,1
0,0,0,750,28,62,10,8,5,0,8,0,0,1
0,0,0,750,47,107,11,11,5,0,11,0,0,1
0,0,0,1080,62,47,12,10,5,0,10,0,0,1
0,0,0,1080,47,24,8,1,5,0,1,0,0,1
0,0,0,750,63,62,12,9,5,0,9,0,0,1
0,0,0,1080,24,63,11,8,5,0,8,0,0,1
0,0,0,1080,63,108,10,12,5,0,12,0,0,1
0,0,0,1080,109,24,6,6,5,0,6,0,0,1
0,0,0,750,108,109,9,5,5,0,5,0,0,1
0,0,0,750,109,31,9,13,5,0,13,0,0,1
0,0,0,750,77,80,11,12,5,0,12,0,0,1
0,0,0,750,77,88,12,11,5,0,11,0,0,1
0,0,0,1080,77,90,7,6,5,0,6,0,0,1
0,0,0,750,100,77,12,7,5,0,7,0,0,1
0,0,0,750,112,77,13,9,5,0,9,0,0,1
0,0,0,750,80,88,10,13,5,0,13,0,0,1
0,0,0,1080,80,90,14,9,5,0,9,0,0,1
0,0,0,1080,80,100,13,11,5,0,11,0,0,1
0,0,0,750,112,80,13,10,5,0,10,0,0,1
0,0,0,750,88,90,14,10,5,0,10,0,0,1
0,0,0,1080,88,100,10,5,5,0,5,0,0,1
0,0,0,750,112,88,8,2,5,0,2,0,0,1
0,0,0,1080,90,100,12,8,5,0,8,0,0,1
0,0,0,750,90,112,11,5,5,0,5,0,0,1
0,0,0,1080,100,112,6,3,5,0,3,0,0,1
0,0,0,1080,20,44,13,8,5,0,8,0,0,1
0,0,0,1080,20,48,10,4,5,0,4,0,0,1
0,0,0,1080,20,68,7,3,5,0,3,0,0,1
0,0,0,1080,18,20,12,5,5,0,5,0,0,1
0,0,0,750,144,20,13,7,5,0,7,0,0,1
0,0,0,750,44,48,15,10,5,0,10,0,0,1
0,0,0,750,44,68,8,6,5,0,6,0,0,1
0,0,0,750,44,18,12,12,5,0,12,0,0,1
0,0,0,1080,144,44,9,2,5,0,2,0,0,1
0,0,0,1080,68,48,14,7,5,0,7,0,0,1
0,0,0,1080,48,18,15,9,5,0,9,0,0,1
0,0,0,1080,48,144,13,12,5,0,12,0,0,1
0,0,0,1080,68,18,10,2,5,0,2,0,0,1
0,0,0,1080,68,144,11,4,5,0,4,0,0,1
0,0,0,750,20,77,16,10,5,0,10,0,0,1
0,0,0,1080,77,44,8,3,5,0,3,0,0,1
0,0,0,1080,48,77,11,2,5,0,2,0,0,1
0,0,0,750,80,20,9,6,5,0,6,0,0,1
0,0,0,1080,44,80,12,4,5,0,4,0,0,1
0,0,0,1080,80,18,14,8,5,0,8,0,0,1
0,0,0,1080,144,80,13,5,5,0,5,0,0,1
0,0,0,750,48,88,9,3,5,0,3,0,0,1
0,0,0,750,18,88,13,4,5,0,4,0,0,1
0,0,0,1080,88,144,16,9,5,0,9,0,0,1
0,0,0,1080,90,48,1,0,5,0,0,0,0,1
0,0,0,1080,68,90,14,11,5,0,11,0,0,1
0,0,0,1080,90,20,11,13,5,0,13,0,0,1
0,0,0,750,44,90,15,7,5,0,7,0,0,1
0,0,0,750,18,100,17,10,5,0,10,0,0,1
0,0,0,750,100,144,12,13,5,0,13,0,0,1
0,0,0,1080,20,100,14,12,5,0,12,0,0,1
0,0,0,750,100,44,17,9,5,0,9,0,0,1
0,0,0,1080,112,18,16,7,5,0,7,0,0,1
0,0,0,750,144,112,10,6,5,0,6,0,0,1
0,0,0,1080,112,48,15,11,5,0,11,0,0,1
0,0,0,750,68,112,13,13,5,0,13,0,0,1
0,0,0,1080,36,51,18,9,5,0,9,0,0,1
0,0,0,1080,36,52,10,3,5,0,3,0,0,1
0,0,0,1080,36,70,15,12,5,0,12,0,0,1
0,0,0,1080,76,36,14,4,5,0,4,0,0,1
0,0,0,750,78,36,16,11,5,0,11,0,0,1
0,0,0,750,51,52,17,11,5,0,11,0,0,1
0,0,0,750,51,70,14,5,5,0,5,0,0,1
0,0,0,1080,51,76,14,13,5,0,13,0,0,1
0,0,0,750,78,51,11,6,5,0,6,0,0,1
0,0,0,1080,52,70,15,8,5,0,8,0,0,1
0,0,0,750,52,76,16,12,5,0,12,0,0,1
0,0,0,1080,52,78,15,13,5,0,13,0,0,1
0,0,0,750,70,76,17,7,5,0,7,0,0,1
0,0,0,1080,70,78,11,3,5,0,3,0,0,1
0,0,0,1080,76,78,18,10,5,0,10,0,0,1
0,0,0,1080,35,37,18,11,5,0,11,0,0,1
0,0,0,750,35,54,16,8,5,0,8,0,0,1
0,0,0,1080,35,58,19,10,5,0,10,0,0,1
0,0,0,1080,67,35,19,9,5,0,9,0,0,1
0,0,0,750,114,35,12,6,5,0,6,0,0,1
0,0,0,1080,37,54,20,10,5,0,10,0,0,1
0,0,0,1080,37,58,15,4,5,0,4,0,0,1
0,0,0,750,37,67,18,7,5,0,7,0,0,1
0,0,0,1080,114,37,12,3,5,0,3,0,0,1
0,0,0,1080,54,58,13,6,5,0,6,0,0,1
0,0,0,1080,54,67,19,11,5,0,11,0,0,1
0,0,0,750,54,114,15,5,5,0,5,0,0,1
0,0,0,750,58,67,17,12,5,0,12,0,0,1
0,0,0,1080,58,114,20,11,5,0,11,0,0,1
0,0,0,1080,67,114,16,13,5,0,13,0,0,1
0,0,0,1080,35,36,16,5,5,0,5,0,0,1
0,0,0,750,37,36,17,13,5,0,13,0,0,1
0,0,0,1080,36,54,19,7,5,0,7,0,0,1
0,0,0,750,35,51,20,7,5,0,7,0,0,1
0,0,0,750,37,51,18,12,5,0,12,0,0,1
0,0,0,1080,51,54,16,4,5,0,4,0,0,1
0,0,0,1080,35,52,17,4,5,0,4,0,0,1
0,0,0,1080,37,52,14,6,5,0,6,0,0,1
0,0,0,1080,52,54,20,9,5,0,9,0,0,1
0,0,0,1080,58,70,18,13,5,0,13,0,0,1
0,0,0,1080,70,67,18,4,5,0,4,0,0,1
0,0,0,1080,70,114,21,9,5,0,9,0,0,1
0,0,0,1080,58,76,17,5,5,0,5,0,0,1
0,0,0,1080,76,67,13,3,5,0,3,0,0,1
0,0,0,750,76,114,17,8,5,0,8,0,0,1
0,0,0,750,58,78,21,7,5,0,7,0,0,1
0,0,0,750,78,67,18,8,5,0,8,0,0,1
0,0,0,1080,78,114,19,12,5,0,12,0,0,1
0,0,0,1080,33,38,21,10,5,0,10,0,0,1
0,0,0,750,33,39,14,3,5,0,3,0,0,1
0,0,0,750,33,40,15,6,5,0,6,0,0,1
0,0,0,750,56,33,20,12,5,0,12,0,0,1
0,0,0,750,89,33,21,11,5,0,11,0,0,1
0,0,0,1080,38,39,18,5,5,0,5,0,0,1
0,0,0,1080,38,40,22,9,5,0,9,0,0,1
0,0,0,1080,38,56,19,13,5,0,13,0,0,1
0,0,0,1080,89,38,19,8,5,0,8,0,0,1
0,0,0,750,39,40,22,11,5,0,11,0,0,1
0,0,0,1080,39,56,19,4,5,0,4,0,0,1
0,0,0,750,39,89,21,12,5,0,12,0,0,1
0,0,0,750,40,56,22,10,5,0,10,0,0,1
0,0,0,750,40,89,15,3,5,0,3,0,0,1
0,0,0,750,56,89,22,7,5,0,7,0,0,1
0,0,0,1080,11,71,23,7,5,0,7,0,0,1
0,0,0,750,11,72,23,10,5,0,10,0,0,1
0,0,0,1080,11,92,16,3,5,0,3,0,0,1
0,0,0,750,93,11,20,8,5,0,8,0,0,1
0,0,0,750,94,11,23,9,5,0,9,0,0,1
0,0,0,1080,71,72,20,13,5,0,13,0,0,1
0,0,0,750,71,92,24,10,5,0,10,0,0,1
0,0,0,750,71,93,22,12,5,0,12,0,0,1
0,0,0,750,94,71,23,11,5,0,11,0,0,1
0,0,0,1080,72,92,19,5,5,0,5,0,0,1
0,0,0,750,72,93,24,11,5,0,11,0,0,1
0,0,0,750,72,94,24,7,5,0,7,0,0,1
0,0,0,1080,92,93,24,9,5,0,9,0,0,1
0,0,0,750,92,94,21,13,5,0,13,0,0,1
0,0,0,1080,93,94,25,10,5,0,10,0,0,1
0,0,0,1080,11,33,20,5,5,0,5,0,0,1
0,0,0,1080,71,33,25,9,5,0,9,0,0,1
0,0,0,750,33,72,21,8,5,0,8,0,0,1
0,0,0,750,11,38,20,4,5,0,4,0,0,1
0,0,0,750,71,38,16,6,5,0,6,0,0,1
0,0,0,1080,38,72,23,12,5,0,12,0,0,1
0,0,0,1080,11,39,17,6,5,0,6,0,0,1
0,0,0,1080,71,39,22,8,5,0,8,0,0,1
0,0,0,750,39,72,26,9,5,0,9,0,0,1
0,0,0,1080,92,40,23,8,5,0,8,0,0,1
0,0,0,1080,40,93,21,4,5,0,4,0,0,1
0,0,0,1080,40,94,21,5,5,0,5,0,0,1
0,0,0,750,92,56,25,11,5,0,11,0,0,1
0,0,0,750,56,93,22,5,5,0,5,0,0,1
0,0,0,1080,56,94,24,8,5,0,8,0,0,1
0,0,0,750,92,89,18,6,5,0,6,0,0,1
0,0,0,1080,89,93,22,13,5,0,13,0,0,1
0,0,0,1080,89,94,22,4,5,0,4,0,0,1
0,0,0,1080,17,74,26,10,5,0,10,0,0,1
0,0,0,1080,17,75,24,12,5,0,12,0,0,1
0,0,0,750,17,87,27,9,5,0,9,0,0,1
0,0,0,1080,110,17,19,6,5,0,6,1,1,1
0,0,0,750,111,17,25,8,5,0,8,0,0,1
0,0,0,750,74,75,28,9,5,0,9,0,0,1
0,0,0,1080,74,87,23,4,5,0,4,0,0,1
0,0,0,750,74,110,17,3,5,0,3,1,1,1
0,0,0,1080,111,74,26,11,5,0,11,0,0,1
0,0,0,750,75,87,26,8,5,0,8,0,0,1
0,0,0,1080,75,110,27,11,5,0,11,1,1,1
0,0,0,1080,75,111,23,13,5,0,13,0,0,1
0,0,0,750,87,110,24,13,5,0,13,1,1,1
0,0,0,750,87,111,25,12,5,0,12,0,0,1
0,0,0,750,110,111,23,5,5,0,5,1,1,1
0,0,0,750,4,5,24,5,5,0,5,0,0,1
0,0,0,1080,4,22,29,9,5,0,9,0,0,1
0,0,0,1080,99,4,18,3,5,0,3,0,0,1
0,0,0,1080,102,4,28,11,5,0,11,0,0,1
0,0,0,1080,5,22,20,6,5,0,6,0,0,1
0,0,0,1080,5,99,29,11,5,0,11,0,0,1
0,0,0,750,5,102,25,13,5,0,13,0,0,1
0,0,0,750,103,5,24,4,5,0,4,0,0,1
0,0,0,750,22,99,25,4,5,0,4,0,0,1
0,0,0,1080,22,102,27,10,5,0,10,0,0,1
0,0,0,1080,22,103,27,8,5,0,8,0,0,1
0,0,0,1080,99,102,21,6,5,0,6,0,0,1
0,0,0,750,99,103,26,13,5,0,13,0,0,1
0,0,0,750,103,102,26,12,5,0,12,0,0,1
0,0,0,1080,4,17,26,4,5,0,4,0,0,1
0,0,0,750,5,17,25,7,5,0,7,0,0,1
0,0,0,1080,17,22,27,13,5,0,13,0,0,1
0,0,0,1080,4,74,22,6,5,0,6,0,0,1
0,0,0,750,5,74,28,8,5,0,8,0,0,1
0,0,0,1080,74,22,26,7,5,0,7,0,0,1
0,0,0,750,4,75,27,7,5,0,7,0,0,1
0,0,0,1080,5,75,28,10,5,0,10,0,0,1
0,0,0,750,75,22,25,5,5,0,5,0,0,1
0,0,0,1080,99,87,29,10,5,0,10,0,0,1
0,0,0,1080,87,102,26,5,5,0,5,0,0,1
0,0,0,1080,87,103,28,7,5,0,7,0,0,1
0,0,0,1080,99,110,30,9,5,0,9,1,1,1
0,0,0,1080,110,102,29,8,5,0,8,1,1,1
0,0,0,1080,110,103,30,10,5,0,10,1,1,1
0,0,0,750,99,111,29,7,5,0,7,0,0,1
0,0,0,750,111,102,27,4,5,0,4,0,0,1
0,0,0,750,111,103,23,6,5,0,6,0,0,1
0,0,0,1080,27,30,30,7,5,0,7,0,0,1
0,0,0,1080,27,42,31,10,5,0,10,0,0,1
0,0,0,1080,27,84,19,3,5,0,3,0,0,1
0,0,0,1080,91,27,12,2,5,0,2,0,0,1
0,0,0,1080,106,27,24,6,5,0,6,0,0,1
0,0,0,1080,30,42,28,4,5,0,4,0,0,1
0,0,0,750,30,84,30,8,5,0,8,0,0,1
0,0,0,1080,30,91,31,9,5,0,9,0,0,1
0,0,0,1080,106,30,28,13,5,0,13,0,0,1
0,0,0,1080,42,84,32,9,5,0,9,0,0,1
0,0,0,750,42,91,25,6,5,0,6,0,0,1
0,0,0,1080,42,106,13,2,5,0,2,0,0,1
0,0,0,750,84,91,29,13,5,0,13,0,0,1
0,0,0,750,84,106,29,4,5,0,4,0,0,1
0,0,0,750,91,106,27,5,5,0,5,0,0,1
0,0,0,1080,3,6,27,12,5,0,12,0,0,1
0,0,0,750,3,9,30,13,5,0,13,0,0,1
0,0,0,750,3,45,30,4,5,0,4,0,0,1
0,0,0,750,55,3,32,10,5,0,10,0,0,1
0,0,0,1080,73,3,33,9,5,0,9,0,0,1
0,0,0,1080,6,9,26,6,5,0,6,0,0,1
0,0,0,1080,6,45,30,11,5,0,11,0,0,1
0,0,0,1080,6,55,31,7,5,0,7,0,0,1
0,0,0,750,73,6,33,10,5,0,10,0,0,1
0,0,0,1080,9,45,32,7,5,0,7,0,0,1
0,0,0,750,9,55,28,5,5,0,5,0,0,1
0,0,0,750,9,73,28,12,5,0,12,0,0,1
0,0,0,1080,45,55,27,6,5,0,6,0,0,1
0,0,0,1080,45,73,29,5,5,0,5,0,0,1
0,0,0,1080,55,73,31,8,5,0,8,0,0,1
0,0,0,1080,45,27,32,8,5,0,8,0,0,1
0,0,0,750,9,27,31,11,5,0,11,0,0,1
0,0,0,750,27,55,29,12,5,0,12,0,0,1
0,0,0,750,9,30,20,3,5,0,3,0,0,1
0,0,0,1080,55,30,32,11,5,0,11,0,0,1
0,0,0,750,30,6,14,2,5,0,2,0,0,1
0,0,0,750,55,42,21,3,5,0,3,0,0,1
0,0,0,1080,6,42,31,13,5,0,13,0,0,1
0,0,0,750,42,3,30,5,5,0,5,0,0,1
0,0,0,1080,84,6,31,5,5,0,5,0,0,1
0,0,0,1080,3,84,15,2,5,0,2,0,0,1
0,0,0,1080,84,73,33,7,5,0,7,0,0,1
0,0,0,750,91,3,22,3,5,0,3,0,0,1
0,0,0,750,73,91,31,4,5,0,4,0,0,1
0,0,0,1080,91,45,30,12,5,0,12,0,0,1
0,0,0,1080,106,73,33,11,5,0,11,0,0,1
0,0,0,1080,45,106,34,10,5,0,10,0,0,1
0,0,0,750,106,9,33,8,5,0,8,0,0,1
0,0,0,1080,60,64,34,11,5,0,11,0,0,1
0,0,0,1080,60,79,28,6,5,0,6,0,0,1
0,0,0,1080,60,83,31,12,5,0,12,0,0,1
0,0,0,1080,218,60,32,5,5,0,5,0,0,1
0,0,0,750,97,60,32,13,5,0,13,0,0,1
0,0,0,1080,61,64,34,7,5,0,7,0,0,1
0,0,0,1080,61,79,33,13,5,0,13,0,0,1
0,0,0,1080,61,83,32,4,5,0,4,0,0,1
0,0,0,1080,97,61,32,12,5,0,12,0,0,1
0,0,0,750,101,61,33,5,5,0,5,0,0,1
0,0,0,1080,79,64,33,4,5,0,4,0,0,1
0,0,0,750,83,64,16,2,5,0,2,0,0,1
0,0,0,1080,64,218,34,8,5,0,8,0,0,1
0,0,0,1080,64,101,34,9,5,0,9,0,0,1
0,0,0,1080,64,105,34,5,5,0,5,0,0,1
0,0,0,750,79,218,35,11,5,0,11,0,0,1
0,0,0,1080,79,101,33,12,5,0,12,0,0,1
0,0,0,1080,83,218,35,7,5,0,7,0,0,1
0,0,0,1080,83,101,23,3,5,0,3,0,0,1
0,0,0,750,218,97,29,6,5,0,6,0,0,1
0,0,0,750,105,218,34,12,5,0,12,0,0,1
0,0,0,1080,101,97,34,4,5,0,4,0,0,1
0,0,0,750,101,105,30,6,5,0,6,0,0,1
0,0,0,1080,7,43,34,13,5,0,13,0,0,1
0,0,0,750,7,85,35,12,5,0,12,0,0,1
0,0,0,1080,96,7,35,8,5,0,8,0,0,1
0,0,0,750,43,86,35,4,5,0,4,0,0,1
0,0,0,750,43,65,36,8,5,0,8,0,0,1
0,0,0,750,43,53,35,9,5,0,9,0,0,1
0,0,0,750,43,85,36,11,5,0,11,0,0,1
0,0,0,1080,143,43,35,10,5,0,10,0,0,1
0,0,0,750,96,43,36,12,5,0,12,0,0,1
0,0,0,750,86,85,35,5,5,0,5,0,0,1
0,0,0,1080,96,86,31,6,5,0,6,0,0,1
0,0,0,750,85,65,35,13,5,0,13,0,0,1
0,0,0,750,65,96,36,4,5,0,4,0,0,1
0,0,0,750,85,53,32,6,5,0,6,0,0,1
0,0,0,750,53,96,24,3,5,0,3,0,0,1
0,0,0,1080,85,143,37,4,5,0,4,0,0,1
0,0,0,750,96,143,36,5,5,0,5,0,0,1
0,0,0,1080,16,12,38,4,5,0,4,0,0,1
0,0,0,750,16,29,25,3,5,0,3,0,0,1
0,0,0,750,16,32,17,2,5,0,2,0,0,1
0,0,0,750,59,16,37,8,5,0,8,0,0,1
0,0,0,1080,82,16,36,13,5,0,13,0,0,1
0,0,0,750,104,16,36,9,5,0,9,0,0,1
0,0,0,1080,12,23,18,2,5,0,2,0,0,1
0,0,0,750,12,81,36,10,5,0,10,0,0,1
0,0,0,750,115,12,33,6,5,0,6,0,0,1
0,0,0,750,23,29,34,6,5,0,6,0,0,1
0,0,0,750,32,23,26,3,5,0,3,0,0,1
0,0,0,750,23,82,37,12,5,0,12,0,0,1
0,0,0,1080,23,104,37,10,5,0,10,0,0,1
0,0,0,1080,29,81,19,2,5,0,2,0,0,1
0,0,0,750,29,115,39,4,5,0,4,0,0,1
0,0,0,750,32,115,36,7,5,0,7,0,0,1
0,0,0,1080,81,59,27,3,5,0,3,0,0,1
0,0,0,1080,115,59,20,2,5,0,2,0,0,1
0,0,0,1080,81,104,37,13,5,0,13,0,0,1
0,0,0,1080,115,82,37,9,5,0,9,0,0,1
0,0,0,1080,104,115,28,3,5,0,3,0,0,1
0,0,0,1080,2,26,9,1,5,0,1,0,0,1
0,0,0,750,2,95,40,4,5,0,4,0,0,1
0,0,0,1080,113,2,29,3,5,0,3,0,0,1
0,0,0,750,10,41,10,1,5,0,1,0,0,1
0,0,0,750,10,50,37,5,5,0,5,0,0,1
0,0,0,1080,14,19,30,3,5,0,3,0,0,1
0,0,0,1080,26,14,37,7,5,0,7,0,0,1
0,0,0,750,19,41,35,6,5,0,6,0,0,1
0,0,0,1080,26,69,31,3,5,0,3,0,0,1
0,0,0,1080,41,95,38,8,5,0,8,0,0,1
0,0,0,1080,50,95,11,1,5,0,1,0,0,1
0,0,0,750,50,113,41,4,5,0,4,0,0,1
0,0,0,1080,69,113,38,5,5,0,5,0,0,1
0,0,0,1080,188,15,38,7,5,0,7,0,0,1
0,0,0,750,188,25,38,9,5,0,9,0,0,1
0,0,0,1080,188,229,32,3,5,0,3,0,0,1
0,0,0,750,188,230,36,6,5,0,6,0,0,1
0,0,0,750,46,188,42,4,5,0,4,0,0,1
0,0,0,1080,66,188,37,11,5,0,11,0,0,1
0,0,0,750,98,188,39,5,5,0,5,0,0,1
0,0,0,750,15,25,38,13,5,0,13,0,0,1
0,0,0,1080,15,229,39,9,5,0,9,0,0,1
0,0,0,750,15,230,38,10,5,0,10,0,0,1
0,0,0,1080,15,46,33,3,5,0,3,0,0,1
0,0,0,1080,66,15,37,6,5,0,6,0,0,1
0,0,0,750,98,15,38,12,5,0,12,0,0,1
0,0,0,750,211,15,38,11,5,0,11,0,0,1
0,0,0,1080,25,229,39,8,5,0,8,0,0,1
0,0,0,750,25,230,34,3,5,0,3,0,0,1
0,0,0,1200,25,46,39,11,5,0,11,0,0,1
0,0,0,1080,25,66,43,4,5,0,4,0,0,1
0,0,0,1080,98,25,38,6,5,0,6,0,0,1
0,0,0,750,211,25,40,5,5,0,5,0,0,1
0,0,0,750,229,230,44,4,5,0,4,0,0,1
0,0,0,750,229,46,39,10,5,0,10,0,0,1
0,0,0,1080,229,66,41,5,5,0,5,0,0,1
0,0,0,750,229,98,39,13,5,0,13,0,0,1
0,0,0,750,211,229,39,7,5,0,7,0,0,1
0,0,0,750,230,46,42,5,5,0,5,0,0,1
0,0,0,750,230,66,40,7,5,0,7,0,0,1
0,0,0,750,230,98,40,8,5,0,8,0,0,1
0,0,0,750,230,211,39,12,5,0,12,0,0,1
0,0,0,1080,46,66,40,13,5,0,13,0,0,1
0,0,0,750,46,98,40,9,5,0,9,0,0,1
0,0,0,1080,46,211,39,6,5,0,6,0,0,1
0,0,0,750,66,98,35,3,5,0,3,0,0,1
0,0,0,1080,66,211,41,9,5,0,9,0,0,1
0,0,0,750,98,211,45,4,5,0,4,0,0,1
0,0,0,1200,103,16,2,0,5,0,0,0,0,0
0,0,0,930,13,68,3,0,5,0,0,0,0,0
0,0,0,930,50,20,40,11,5,0,11,0,0,0
0,0,0,1200,21,84,4,0,5,0,0,0,0,0
0,0,0,930,58,22,5,0,5,0,0,0,0,0
0,0,0,1200,23,22,12,1,5,0,1,0,0,0
0,0,0,930,63,25,6,0,5,0,0,0,0,0
0,0,0,930,27,28,41,13,5,0,13,0,0,0
0,0,0,1200,30,31,7,0,5,0,0,0,0,0
0,0,0,930,79,33,8,0,5,0,0,0,0,0
0,0,0,930,37,38,9,0,5,0,0,0,0,0
0,0,0,1200,42,44,41,11,5,0,11,0,0,0
0,0,0,930,96,45,42,13,5,0,13,0,0,0
0,0,0,930,48,85,41,8,5,0,8,0,0,0
0,0,0,1200,27,49,10,0,5,0,0,0,0,0
0,0,0,930,51,68,42,8,5,0,8,0,0,0
0,0,0,1200,52,68,43,5,5,0,5,0,0,0
0,0,0,930,64,53,40,12,5,0,12,0,0,0
0,0,0,930,6,56,11,0,5,0,0,0,0,0
0,0,0,930,59,101,42,11,5,0,11,0,0,0
0,0,0,1200,97,72,12,0,5,0,0,0,0,0
0,0,0,1200,76,77,13,0,5,0,0,0,0,0
0,0,0,1200,89,83,14,0,5,0,0,0,0,0
0,0,0,930,25,85,21,2,5,0,2,0,0,0
0,0,0,930,98,85,15,0,5,0,0,0,0,0
0,0,0,930,181,13,43,11,5,0,11,0,0,0
0,0,0,930,104,103,22,2,5,0,2,0,0,0
0,0,0,1080,2,16,40,6,5,0,6,0,0,0
0,0,0,750,2,45,16,0,5,0,0,0,0,0
0,0,0,750,2,74,23,2,5,0,2,0,0,0
0,0,0,1080,144,3,17,0,5,0,0,0,0,0
0,0,0,1080,101,3,41,7,5,0,7,0,0,0
0,0,0,1080,80,3,13,1,5,0,1,0,0,0
0,0,0,750,99,3,43,8,5,0,8,0,0,0
0,0,0,1080,188,73,18,0,5,0,0,0,0,0
0,0,0,1080,188,21,14,1,5,0,1,0,0,0
0,0,0,1080,188,17,24,2,5,0,2,0,0,0
0,0,0,750,188,110,41,12,5,0,12,1,1,0
0,0,0,1080,4,18,19,0,5,0,0,0,0,0
0,0,0,1080,50,4,40,10,5,0,10,0,0,0
0,0,0,1080,32,4,42,12,5,0,12,0,0,0
0,0,0,1080,4,93,25,2,5,0,2,0,0,0
0,0,0,750,83,5,15,1,5,0,1,0,0,0
0,0,0,750,92,5,20,0,5,0,0,0,0,0
0,0,0,1080,36,5,26,2,5,0,2,0,0,0
0,0,0,1080,94,5,36,3,5,0,3,0,0,0
0,0,0,750,63,6,37,3,5,0,3,0,0,0
0,0,0,750,6,103,42,9,5,0,9,0,0,0
0,0,0,1080,181,6,16,1,5,0,1,0,0,0
0,0,0,750,7,99,21,0,5,0,0,0,0,0
0,0,0,1080,7,47,46,4,5,0,4,0,0,0
0,0,0,1080,7,105,27,2,5,0,2,0,0,0
0,0,0,1080,7,89,43,9,5,0,9,0,0,0
0,0,0,1080,7,218,17,1,5,0,1,0,0,0
0,0,0,1080,9,49,28,2,5,0,2,0,0,0
0,0,0,1080,105,9,22,0,5,0,0,0,0,0
0,0,0,750,61,9,41,10,5,0,10,0,0,0
0,0,0,1080,64,9,18,1,5,0,1,0,0,0
0,0,0,1080,16,64,42,10,5,0,10,0,0,0
0,0,0,750,10,181,23,0,5,0,0,0,0,0
0,0,0,750,10,76,44,9,5,0,9,0,0,0
0,0,0,1080,10,94,1,14,5,0,14,0,0,0
0,0,0,1080,53,11,24,0,5,0,0,0,0,0
0,0,0,1080,107,11,19,1,5,0,1,0,0,0
0,0,0,1080,114,11,29,2,5,0,2,0,0,0
0,0,0,750,12,11,43,12,5,0,12,0,0,0
0,0,0,1080,12,91,25,0,5,0,0,0,0,0
0,0,0,750,12,70,20,1,5,0,1,0,0,0
0,0,0,1080,82,13,21,1,5,0,1,0,0,0
0,0,0,750,67,13,41,6,5,0,6,0,0,0
0,0,0,750,14,80,26,0,5,0,0,0,0,0
0,0,0,750,14,102,22,1,5,0,1,0,0,0
0,0,0,750,14,76,44,11,5,0,11,0,0,0
0,0,0,750,15,74,27,0,5,0,0,0,0,0
0,0,0,1080,15,73,23,1,5,0,1,0,0,0
0,0,0,1080,15,65,30,2,5,0,2,0,0,0
0,0,0,750,15,144,44,8,5,0,8,0,0,0
0,0,0,1080,90,17,24,1,5,0,1,0,0,0
0,0,0,750,42,17,28,0,5,0,0,0,0,0
0,0,0,1080,17,62,38,3,5,0,3,0,0,0
0,0,0,1080,19,102,29,0,5,0,0,0,0,0
0,0,0,1080,19,62,25,1,5,0,1,0,0,0
0,0,0,1080,29,19,45,8,5,0,8,0,0,0
0,0,0,750,35,20,30,0,5,0,0,0,0,0
0,0,0,750,106,20,26,1,5,0,1,0,0,0
0,0,0,750,86,21,39,3,5,0,3,0,0,0
0,0,0,1080,46,21,2,14,5,0,14,0,0,0
0,0,0,1080,54,22,31,2,5,0,2,0,0,0
0,0,0,750,45,22,40,3,5,0,3,0,0,0
0,0,0,750,23,58,45,9,5,0,9,0,0,0
0,0,0,1080,23,33,43,13,5,0,13,0,0,0
0,0,0,750,24,110,31,0,5,0,0,1,1,0
0,0,0,1080,24,72,41,3,5,0,3,0,0,0
0,0,0,750,92,24,42,7,5,0,7,0,0,0
0,0,0,750,229,24,45,11,5,0,11,0,0,0
0,0,0,750,25,40,27,1,5,0,1,0,0,0
0,0,0,1080,25,94,44,12,5,0,12,0,0,0
0,0,0,750,26,63,44,13,5,0,13,0,0,0
0,0,0,750,26,91,3,14,5,0,14,0,0,0
0,0,0,1080,26,76,32,2,5,0,2,0,0,0
0,0,0,750,92,27,28,1,5,0,1,0,0,0
0,0,0,750,71,27,47,4,5,0,4,0,0,0
0,0,0,750,229,43,32,0,5,0,0,0,0,0
0,0,0,1080,64,229,42,6,5,0,6,0,0,0
0,0,0,750,229,63,4,14,5,0,14,0,0,0
0,0,0,1080,230,84,29,1,5,0,1,0,0,0
0,0,0,1080,230,103,46,11,5,0,11,0,0,0
0,0,0,1080,230,40,33,0,5,0,0,0,0,0
0,0,0,1080,230,80,33,2,5,0,2,0,0,0
0,0,0,750,99,28,30,1,5,0,1,0,0,0
0,0,0,1080,28,110,43,7,5,0,7,1,1,0
0,0,0,750,32,28,34,0,5,0,0,0,0,0
0,0,0,1080,218,29,35,0,5,0,0,0,0,0
0,0,0,1080,29,44,31,1,5,0,1,0,0,0
0,0,0,750,30,58,32,1,5,0,1,0,0,0
0,0,0,750,30,78,44,5,5,0,5,0,0,0
0,0,0,1080,98,30,43,10,5,0,10,0,0,0
0,0,0,750,41,31,5,14,5,0,14,0,0,0
0,0,0,750,143,31,33,1,5,0,1,0,0,0
0,0,0,1080,67,31,45,5,5,0,5,0,0,0
0,0,0,1080,32,84,43,6,5,0,6,0,0,0
0,0,0,750,48,33,34,1,5,0,1,0,0,0
0,0,0,750,46,33,34,2,5,0,2,0,0,0
0,0,0,750,97,35,35,1,5,0,1,0,0,0
0,0,0,1080,35,99,35,2,5,0,2,0,0,0
0,0,0,750,50,35,6,14,5,0,14,0,0,0
0,0,0,1080,75,36,36,0,5,0,0,0,0,0
0,0,0,750,36,45,36,1,5,0,1,0,0,0
0,0,0,1080,89,36,44,10,5,0,10,0,0,0
0,0,0,750,93,37,37,1,5,0,1,0,0,0
0,0,0,750,59,37,7,14,5,0,14,0,0,0
0,0,0,750,37,92,36,2,5,0,2,0,0,0
0,0,0,750,143,38,37,2,5,0,2,0,0,0
0,0,0,1080,115,38,38,1,5,0,1,0,0,0
0,0,0,750,38,73,42,3,5,0,3,0,0,0
0,0,0,750,61,39,37,0,5,0,0,0,0,0
0,0,0,750,39,91,39,1,5,0,1,0,0,0
0,0,0,1080,81,39,44,7,5,0,7,0,0,0
0,0,0,1080,109,39,38,2,5,0,2,0,0,0
0,0,0,1080,61,40,39,2,5,0,2,0,0,0
0,0,0,1080,46,40,45,7,5,0,7,0,0,0
0,0,0,1080,41,79,40,2,5,0,2,0,0,0
0,0,0,1080,41,102,46,7,5,0,7,0,0,0
0,0,0,1080,81,42,40,1,5,0,1,0,0,0
0,0,0,750,108,42,47,7,5,0,7,0,0,0
0,0,0,750,43,218,43,3,5,0,3,0,0,0
0,0,0,750,83,43,46,5,5,0,5,0,0,0
0,0,0,750,43,54,41,1,5,0,1,0,0,0
0,0,0,750,43,93,44,6,5,0,6,0,0,0
0,0,0,750,86,112,38,0,5,0,0,0,0,0
0,0,0,750,86,47,8,14,5,0,14,0,0,0
0,0,0,1080,86,114,42,1,5,0,1,0,0,0
0,0,0,750,86,60,41,2,5,0,2,0,0,0
0,0,0,1080,65,107,39,0,5,0,0,0,0,0
0,0,0,750,69,65,43,1,5,0,1,0,0,0
0,0,0,750,65,55,46,9,5,0,9,0,0,0
0,0,0,1080,65,211,44,3,5,0,3,0,0,0
0,0,0,750,66,44,40,0,5,0,0,0,0,0
0,0,0,1080,46,108,41,0,5,0,0,0,0,0
0,0,0,750,96,47,42,0,5,0,0,0,0,0
0,0,0,750,71,47,47,5,5,0,5,0,0,0
0,0,0,1080,61,48,45,6,5,0,6,0,0,0
0,0,0,1080,49,70,45,10,5,0,10,0,0,0
0,0,0,1080,97,49,47,11,5,0,11,0,0,0
0,0,0,1080,218,51,46,10,5,0,10,0,0,0
0,0,0,1080,51,90,42,2,5,0,2,0,0,0
0,0,0,1080,83,51,9,14,5,0,14,0,0,0
0,0,0,1080,181,52,43,2,5,0,2,0,0,0
0,0,0,750,81,52,43,0,5,0,0,0,0,0
0,0,0,750,69,52,10,14,5,0,14,0,0,0
0,0,0,1080,53,107,44,2,5,0,2,0,0,0
0,0,0,1080,53,58,11,14,5,0,14,0,0,0
0,0,0,750,53,59,44,1,5,0,1,0,0,0
0,0,0,750,97,54,12,14,5,0,14,0,0,0
0,0,0,750,211,54,44,0,5,0,0,0,0,0
0,0,0,1080,105,55,13,14,5,0,14,0,0,0
0,0,0,750,90,55,48,4,5,0,4,0,0,0
0,0,0,750,82,55,45,0,5,0,0,0,0,0
0,0,0,750,69,56,45,2,5,0,2,0,0,0
0,0,0,1080,211,56,45,1,5,0,1,0,0,0
0,0,0,1080,107,56,46,6,5,0,6,0,0,0
0,0,0,750,60,111,46,0,5,0,0,0,0,0
0,0,0,750,60,87,14,14,5,0,14,0,0,0
0,0,0,1080,60,144,47,10,5,0,10,0,0,0
0,0,0,750,143,62,47,0,5,0,0,0,0,0
0,0,0,750,88,62,47,6,5,0,6,0,0,0
0,0,0,1080,66,82,46,2,5,0,2,0,0,0
0,0,0,1080,66,102,15,14,5,0,14,0,0,0
0,0,0,1080,66,88,46,1,5,0,1,0,0,0
0,0,0,750,67,93,48,0,5,0,0,0,0,0
0,0,0,750,67,18,47,1,5,0,1,0,0,0
0,0,0,750,79,70,16,14,5,0,14,0,0,0
0,0,0,1080,111,70,47,2,5,0,2,0,0,0
0,0,0,750,106,71,49,0,5,0,0,0,0,0
0,0,0,750,75,72,48,1,5,0,1,0,0,0
0,0,0,1080,72,77,49,4,5,0,4,0,0,0
0,0,0,750,95,73,17,14,5,0,14,0,0,0
0,0,0,1080,181,74,48,5,5,0,5,0,0,0
0,0,0,1080,101,74,45,13,5,0,13,0,0,0
0,0,0,750,101,75,18,14,5,0,14,0,0,0
0,0,0,750,79,75,45,3,5,0,3,0,0,0
0,0,0,750,96,77,19,14,5,0,14,0,0,0
0,0,0,750,181,78,50,4,5,0,4,0,0,0
0,0,0,1080,104,78,50,0,5,0,0,0,0,0
0,0,0,1080,78,112,49,1,5,0,1,0,0,0
0,0,0,750,96,84,48,10,5,0,10,0,0,0
0,0,0,1080,85,100,20,14,5,0,14,0,0,0
0,0,0,1080,85,95,46,3,5,0,3,0,0,0
0,0,0,750,96,87,48,2,5,0,2,0,0,0
0,0,0,750,113,87,51,0,5,0,0,0,0,0
0,0,0,750,87,106,47,3,5,0,3,0,0,0
0,0,0,750,88,94,52,0,5,0,0,0,0,0
0,0,0,750,109,91,46,8,5,0,8,0,0,0
0,0,0,1080,115,95,53,0,5,0,0,0,0,0
0,0,0,750,143,110,21,14,5,0,14,1,1,0
0,0,0,750,181,143,48,3,5,0,3,0,0,0
0,0,0,1080,98,18,48,11,5,0,11,0,0,0
0,0,0,750,98,108,22,14,5,0,14,0,0,0
0,0,0,1080,111,100,50,1,5,0,1,0,0,0
0,0,0,750,104,100,51,4,5,0,4,0,0,0
0,0,0,1080,181,106,48,7,5,0,7,0,0,0
0,0,0,1080,181,108,48,6,5,0,6,0,0,0
0,0,0,750,181,111,47,9,5,0,9,0,0,0
0,0,0,750,115,181,49,10,5,0,10,0,0,0
0,0,0,750,181,109,45,12,5,0,12,0,0,0
0,0,0,750,105,109,49,11,5,0,11,0,0,0
0,0,0,1080,114,112,52,4,5,0,4,0,0,0
0,0,0,1080,211,114,23,14,5,0,14,0,0,0
0,0,0,1080,1,113,51,1,5,0,1,0,0,0
0,0,0,1080,182,113,49,7,5,0,7,0,0,0
0,0,0,1200,511,511,0,16,5,0,16,0,0,0
0,0,0,780,511,511,3,16,5,0,16,0,0,0
0,0,0,1020,511,511,4,16,5,0,16,0,0,0
0,0,0,1020,511,511,1,16,5,0,16,0,0,0
0,0,0,1200,511,511,2,16,5,0,16,0,0,0
0,0,0,1200,511,511,0,18,2,0,30,0,0,0
0,0,0,1170,511,511,0,19,2,0,31,0,0,0
0,0,0,1200,511,511,1,19,3,0,31,0,0,0
0,0,0,1320,511,511,2,19,3,0,31,0,0,0
0,0,0,1110,511,511,3,19,4,0,31,0,0,0
0,0,0,1290,511,511,4,19,4,0,31,0,0,0
0,0,0,840,511,511,5,19,5,0,31,0,0,0
0,0,0,840,511,511,0,20,1,0,32,0,0,0
0,0,0,1050,511,511,1,20,1,0,32,0,0,0
0,0,0,1170,511,511,2,20,2,0,32,0,0,0
0,0,0,1290,511,511,3,20,2,0,32,0,0,0
0,0,0,1200,511,511,4,20,3,0,32,0,0,0
0,0,0,780,511,511,5,20,4,0,32,0,0,0
0,0,0,930,511,511,6,20,4,0,32,0,0,0
0,0,0,990,511,511,7,20,4,0,32,0,0,0
0,0,0,1200,511,511,8,20,4,0,32,0,0,0
0,0,0,720,511,511,9,20,5,0,32,0,0,0
0,0,0,840,511,511,10,20,5,0,32,0,0,0
0,0,0,930,511,511,11,20,5,0,32,0,0,0
0,0,0,1170,511,511,12,20,5,0,32,0,0,0
0,0,0,660,511,511,13,20,6,0,32,0,0,0
0,0,0,660,511,511,14,20,6,0,32,0,0,0
0,0,0,750,511,511,15,20,6,0,32,0,0,0
0,0,0,780,511,511,16,20,6,0,32,0,0,0
0,0,0,1200,511,511,17,20,6,0,32,0,0,0
0,0,0,1230,511,511,18,20,6,0,32,0,0,0
0,0,0,1200,511,511,0,21,0,0,33,0,0,0
0,0,0,1020,511,511,1,21,1,0,33,0,0,0
