CT05,CT15,CT25,CDTA,COTA,CCBB,CDPC,CRPC,CTPC,CFRC,CFUC,CYCD,CCID,CDID,TGID,CPID,PTID,CPRE,CCTF,CLTF,COCI,CSKI,CCWI,CSWI,C25L,CBLL,CCOL,CCRL,CNTL,CRTL,CTTL,CRVL,CLFN,CLLN,CCRN,CCWN,CTWN,CCJO,CCLO,CSLO,CCPO,CTOP,CCTP,CHAR,CDTR,CLTR,COTR,CCYR,CTYR,CSAS,COFS,CCLS,CSLS,CTLS,CDTS,COTS,CCWS,CRWS,CSWS,CCCT,COCT,COHT,CCNT,CDST,COST,CWST,C25W,CBLW,CCRW,CCSW,CCTW,CNTW,CRTW,CTTW,CNVW,CRVW,CCEX,CFEX,CCFY,COTY,CBSZ,USid,CThg,CTgw
0,0,0,40,55,0,30,35,35,1,0,0,1,127,2,1,511,2,0,1023,0,0,0,0,0,0,0,0,0,0,0,0,Joe,Moorhead,0,0,0,0,0,0,50,0,0,0,44,65535,55,0,0,1,0,0,0,0,70,70,0,0,0,0,0,1,0,1,1,0,0,0,0,0,0,0,0,0,0,0,0,0,0,0,0,0,0,0
0,0,0,40,60,0,28,38,34,1,0,30,2,129,3,43,511,6,0,1023,0,0,0,0,0,0,0,0,0,0,0,0,Nick,Saban,0,0,0,0,0,0,50,0,0,2,41,65535,43,0,0,1,0,0,0,0,70,70,0,0,0,0,0,0,0,0,2,0,0,0,0,0,0,0,0,0,0,0,0,1,0,0,0,0,0,0
0,0,0,40,65,0,34,33,33,1,0,4,3,128,4,51,511,2,0,1023,0,0,0,0,0,0,0,0,0,0,0,0,Jedd,Fisch,0,0,0,0,0,0,50,0,0,0,47,65535,53,0,0,1,0,0,0,0,70,70,0,0,0,0,0,2,0,0,1,0,0,0,0,0,0,0,0,0,0,0,0,0,0,0,0,0,0,0
0,0,0,40,65,0,35,33,32,1,0,28,4,125,5,120,511,3,0,1023,0,2,0,0,0,0,0,0,0,0,0,0,Herm,Edwards,0,0,0,0,0,0,50,0,0,2,50,65535,45,0,0,1,0,0,0,0,70,70,0,0,0,0,0,0,0,3,4,0,0,0,0,0,0,0,0,0,0,0,0,1,0,0,0,0,0,0
0,0,0,40,55,0,34,33,33,1,0,1,5,128,6,10,511,1,0,1023,0,0,0,0,0,0,0,0,0,0,0,0,Sam,Pittman,0,0,0,0,0,0,50,0,0,2,41,65535,43,0,0,1,0,0,0,0,70,70,0,0,0,0,0,1,0,2,1,0,0,0,0,0,0,0,0,0,0,0,0,1,0,0,0,0,1,0
0,0,0,40,55,0,34,34,32,1,0,14,6,125,7,89,511,2,0,1023,0,0,0,0,0,0,0,0,0,0,0,0,Butch,Jones,0,0,0,0,0,0,50,0,0,2,51,65535,45,0,0,1,0,0,0,0,70,70,0,0,0,0,0,2,0,3,1,0,0,0,0,0,0,0,0,0,0,0,0,0,0,0,0,0,2,0
0,0,0,40,70,0,30,35,35,1,0,7,8,129,9,12,511,4,0,1023,0,0,0,0,0,0,0,0,0,0,0,0,Bryan,Harsin,0,0,0,0,0,0,50,0,0,4,64,65535,46,0,0,1,0,0,0,0,70,70,0,0,0,0,0,0,0,3,1,0,0,0,0,0,0,0,0,0,0,0,0,2,0,0,0,0,9,0
0,0,0,40,60,0,30,33,37,1,0,5,9,126,10,96,511,2,0,1023,0,0,0,0,0,0,0,0,0,0,0,0,Mike,Neu,0,0,0,0,0,0,50,0,0,2,45,65535,45,0,0,1,0,0,0,0,70,70,0,0,0,0,0,1,0,0,4,0,0,0,0,0,0,0,0,0,0,0,0,2,0,0,0,0,9,0
0,0,0,40,45,0,31,34,35,1,0,11,10,127,11,110,511,4,0,1023,0,1,0,0,0,0,0,0,0,0,0,0,Dave,Aranda,0,0,0,0,0,0,50,0,0,2,51,65535,54,0,0,1,0,0,0,0,70,70,0,0,0,0,0,1,0,1,1,0,0,0,0,0,0,0,0,0,0,0,0,2,0,0,0,0,9,0
0,0,0,40,60,0,35,32,33,1,0,2,11,128,12,12,511,1,0,1023,0,1,0,0,0,0,0,0,0,0,0,0,Andy,Avalos,0,0,0,0,0,0,50,0,0,3,47,65535,50,0,0,1,0,0,0,0,70,70,0,0,0,0,0,1,0,2,1,0,0,0,0,0,0,0,0,0,0,0,0,2,0,0,0,0,11,0
0,0,0,40,60,0,36,32,32,1,0,2,12,125,13,77,511,3,0,1023,0,0,0,0,0,0,0,0,0,0,0,0,Jeff,Hafley,0,0,0,0,0,0,50,0,0,4,52,65535,55,0,0,1,0,0,0,0,70,70,0,0,0,0,0,1,0,3,4,0,0,0,0,0,0,0,0,0,0,0,0,0,0,0,0,0,9,0
0,0,0,40,65,0,32,32,36,1,0,10,13,125,14,110,511,2,0,1023,0,0,0,0,0,0,0,0,0,0,0,0,Scot,Loeffler,0,0,0,0,0,0,50,0,0,2,43,65535,40,0,0,1,0,0,0,0,70,70,0,0,0,0,0,1,0,3,2,0,0,0,0,0,0,0,0,0,0,0,0,0,0,0,0,0,2,0
0,0,0,40,50,0,33,32,35,1,0,0,14,128,15,119,511,1,0,1023,0,0,0,0,0,0,0,0,0,0,0,0,Maurice,Linguist,0,0,0,0,0,0,50,0,0,0,60,65535,67,0,0,1,0,0,0,0,70,70,0,0,0,0,0,1,0,2,2,0,0,0,0,0,0,0,0,0,0,0,0,2,0,0,0,0,9,0
0,0,0,40,60,0,32,33,35,1,0,6,15,129,16,9,511,3,0,1023,0,1,0,0,0,0,0,0,0,0,0,0,Kalani,Sitake,0,0,0,0,0,0,50,0,0,2,63,65535,47,0,0,1,0,0,0,0,70,70,0,0,0,0,0,1,0,3,4,0,0,0,0,0,0,0,0,0,0,0,0,2,0,0,0,0,2,0
0,0,0,40,38,0,35,33,32,1,0,5,16,126,17,75,511,4,0,1023,0,0,0,0,0,0,0,0,0,0,0,0,Justin,Wilcox,0,0,0,0,0,0,50,0,0,2,55,65535,52,0,0,1,0,0,0,0,70,70,0,0,0,0,0,1,0,0,4,0,0,0,0,0,0,0,0,0,0,0,0,0,0,0,0,0,2,0
0,0,0,40,55,0,33,34,33,1,0,15,17,128,18,8,511,3,0,1023,0,0,0,0,0,0,0,0,0,0,0,0,Gus,Malzahn,0,0,0,0,0,0,50,0,0,5,41,65535,41,0,0,1,0,0,0,0,70,70,0,0,0,0,0,0,0,2,1,0,0,0,0,0,0,0,0,0,0,0,0,0,0,0,0,0,6,1
0,0,0,40,55,0,28,34,38,1,0,12,18,128,19,20,511,2,0,1023,0,1,0,0,0,0,0,0,0,0,0,0,Jim,McElwain,0,0,0,0,0,0,50,0,0,2,57,65535,50,0,0,1,0,0,0,0,70,70,0,0,0,0,0,2,0,3,4,0,0,0,0,0,0,0,0,0,0,0,0,4,0,0,0,0,11,0
0,0,0,40,70,0,34,35,31,1,0,10,19,127,20,18,511,5,0,1023,0,0,0,0,0,0,0,0,0,0,0,0,Luke,Fickell,0,0,0,0,0,0,50,0,0,2,45,65535,42,0,0,1,0,0,0,0,70,70,0,0,0,0,0,1,0,1,2,0,0,0,0,0,0,0,0,0,0,0,0,0,0,0,0,0,6,0
0,0,0,40,65,0,31,38,31,1,0,12,20,128,21,121,511,6,0,1023,0,0,0,0,0,0,0,0,0,0,0,0,Dabo,Swinney,0,0,0,0,0,0,50,0,0,2,44,65535,50,0,0,1,0,0,0,0,70,70,0,0,0,0,0,0,0,2,1,0,0,0,0,0,0,0,0,0,0,0,0,2,0,0,0,0,9,0
0,0,0,40,65,0,34,33,33,1,0,12,21,125,22,21,511,2,0,1023,0,0,0,0,0,0,0,0,0,0,0,0,Karl,Dorrell,0,0,0,0,0,0,50,0,0,0,62,65535,49,0,0,1,0,0,0,0,70,70,0,0,0,0,0,0,0,0,2,0,0,0,0,0,0,0,0,0,0,0,0,2,0,0,0,0,9,0
0,0,0,40,60,0,32,33,35,1,0,13,22,128,23,122,511,3,0,1023,0,0,0,0,0,0,0,0,0,0,0,0,Jay,Norvell,0,0,0,0,0,0,50,0,0,4,64,65535,50,0,0,1,0,0,0,0,70,70,0,0,0,0,0,0,0,3,1,0,0,0,0,0,0,0,0,0,0,0,0,1,0,0,0,0,2,0
0,0,0,40,65,0,34,33,33,1,0,27,23,128,24,22,511,1,0,1023,0,0,0,0,0,0,0,0,0,0,0,0,Mike,Elko,0,0,0,0,0,0,50,0,0,2,63,65535,53,0,0,1,0,0,0,0,70,70,0,0,0,0,0,1,0,2,1,0,0,0,0,0,0,0,0,0,0,0,0,1,0,0,0,0,2,1
0,0,0,40,70,0,32,32,36,1,0,2,24,129,25,120,511,1,0,1023,0,1,0,0,0,0,0,0,0,0,0,0,Mike,Houston,0,0,0,0,0,0,50,0,0,2,48,65535,52,0,0,1,0,0,0,0,70,70,0,0,0,0,0,1,0,3,1,0,0,0,0,0,0,0,0,0,0,0,0,4,0,0,0,0,2,0
0,0,0,40,50,0,34,32,34,1,0,7,25,128,26,119,511,1,0,1023,0,1,0,0,0,0,0,0,0,0,0,0,Chris,Creighton,0,0,0,0,0,0,50,0,0,0,63,65535,50,0,0,1,0,0,0,0,70,70,0,0,0,0,0,1,0,1,2,0,0,0,0,0,0,0,0,0,0,0,0,3,0,0,0,0,2,0
0,0,0,40,60,0,30,34,36,1,0,16,102,128,27,121,511,3,0,1023,0,0,0,0,0,0,0,0,0,0,0,0,Billy,Napier,0,0,0,0,0,0,50,0,0,2,56,65535,55,0,0,1,0,0,0,0,70,70,0,0,0,0,0,0,0,2,1,0,0,0,0,0,0,0,0,0,0,0,0,1,0,0,0,0,0,0
0,0,0,40,60,0,33,32,35,1,0,9,27,128,28,122,511,2,0,1023,0,0,0,0,0,0,0,0,0,0,0,0,Mike,Norvell,0,0,0,0,0,0,50,0,0,5,54,65535,48,0,0,1,0,0,0,0,70,70,0,0,0,0,0,1,0,2,1,0,0,0,0,0,0,0,0,0,0,0,0,2,0,0,0,0,0,0
0,0,0,40,65,0,33,32,35,1,0,28,28,127,29,16,511,4,0,1023,0,0,0,0,0,0,0,0,0,0,0,0,Jeff,Tedford,0,0,0,0,0,0,50,0,0,4,65,65535,55,0,0,1,0,0,0,0,70,70,0,0,0,0,0,1,0,2,1,0,0,0,0,0,0,0,0,0,0,0,0,2,0,0,0,0,2,0
0,0,0,40,60,0,28,37,35,1,0,4,29,129,30,119,511,6,0,1023,0,0,0,0,0,0,0,0,0,0,0,0,Kirby,Smart,0,0,0,0,0,0,50,0,0,4,46,65535,45,0,0,1,0,0,0,0,70,70,0,0,0,0,0,0,0,0,1,0,0,0,0,0,0,0,0,0,0,0,0,0,0,0,0,0,2,0
0,0,0,40,50,0,34,33,33,1,0,11,30,127,31,119,511,2,0,1023,0,0,0,0,0,0,0,0,0,0,0,0,Geoff,Collins,0,0,0,0,0,0,50,0,0,2,53,65535,43,0,0,1,0,0,0,0,70,70,0,0,0,0,0,0,0,1,1,0,0,0,0,0,0,0,0,0,0,0,0,0,0,0,0,0,8,0
0,0,0,40,60,0,34,32,34,1,0,17,31,128,32,3,511,1,0,1023,0,0,0,0,0,0,0,0,0,0,0,0,Todd,Graham,0,0,0,0,0,0,50,0,0,2,57,65535,50,0,0,1,0,0,0,0,70,70,0,0,0,0,0,0,0,1,4,0,0,0,0,0,0,0,0,0,0,0,0,0,0,0,0,0,2,0
0,0,0,40,85,0,34,34,32,1,0,16,32,128,33,115,511,3,0,1023,0,0,0,0,0,0,0,0,0,0,0,0,Dana,Holgorsen,0,0,0,0,0,0,50,0,0,0,40,65535,55,0,0,1,0,0,0,0,70,70,0,0,0,0,0,2,0,2,1,0,0,0,0,0,0,0,0,0,0,0,0,2,0,0,0,0,0,0
0,0,0,40,60,0,33,32,35,1,0,16,26,128,35,5,511,2,0,1023,0,0,0,0,0,0,0,0,0,0,0,0,Bret,Bielema,0,0,0,0,0,0,50,0,0,5,41,65535,40,0,0,1,0,0,0,0,70,70,0,0,0,0,0,0,0,0,4,0,0,0,0,0,0,0,0,0,0,0,0,0,0,0,0,0,10,0
0,0,0,40,55,0,33,32,35,1,0,6,49,128,36,121,511,2,0,1023,0,0,0,0,0,0,0,0,0,0,0,0,Tom,Allen,0,0,0,0,0,0,50,0,0,5,57,65535,55,0,0,1,0,0,0,0,70,70,0,0,0,0,0,0,0,2,1,0,0,0,0,0,0,0,0,0,0,0,0,0,0,0,0,0,2,1
0,0,0,40,50,0,31,33,36,1,0,22,36,128,37,38,511,3,0,1023,0,0,0,0,0,0,0,0,0,0,0,0,Kirk,Ferentz,0,0,0,0,0,0,50,0,0,2,63,65535,48,0,0,1,0,0,0,0,70,70,0,0,0,0,0,0,0,2,4,0,0,0,0,0,0,0,0,0,0,0,0,1,0,0,0,0,9,0
0,0,0,40,55,0,31,33,36,1,0,11,37,127,38,119,511,5,0,1023,0,0,0,0,0,0,0,0,0,0,0,0,Matt,Campbell,0,0,0,0,0,0,50,0,0,2,40,65535,45,0,0,1,0,0,0,0,70,70,0,0,0,0,0,1,0,1,1,0,0,0,0,0,0,0,0,0,0,0,0,1,0,0,0,0,0,0
0,0,0,40,60,0,33,32,35,1,0,6,38,125,39,119,511,2,0,1023,0,0,0,0,0,0,0,0,0,0,0,0,Lance,Leipold,0,0,0,0,0,0,50,0,0,4,62,65535,45,0,0,1,0,0,0,0,50,50,0,0,0,0,0,1,0,3,1,0,0,0,0,0,0,0,0,0,0,0,0,0,0,0,0,0,9,0
0,0,0,40,55,0,30,34,36,1,0,2,39,125,40,122,511,2,0,1023,0,0,0,0,0,0,0,0,0,0,0,0,Chris,Klieman,0,0,0,0,0,0,50,0,0,5,56,65535,40,0,0,1,0,0,0,0,70,70,0,0,0,0,0,0,0,3,4,0,0,0,0,0,0,0,0,0,0,0,0,1,0,0,0,0,11,0
0,0,0,40,55,0,33,31,36,1,0,6,40,127,41,121,511,1,0,1023,0,1,0,0,0,0,0,0,0,0,0,0,Sean,Lewis,0,0,0,0,0,0,50,0,0,2,44,65535,51,0,0,1,0,0,0,0,70,70,0,0,0,0,0,1,0,1,1,0,0,0,0,0,0,0,0,0,0,0,0,3,0,0,0,0,0,0
0,0,0,40,60,0,33,33,34,1,0,18,41,126,42,73,511,3,0,1023,0,0,0,0,0,0,0,0,0,0,0,0,Mark,Stoops,0,0,0,0,0,0,50,0,0,2,45,65535,40,0,0,1,0,0,0,0,70,70,0,0,0,0,0,0,0,0,2,0,0,0,0,0,0,0,0,0,0,0,0,2,0,0,0,0,2,0
0,0,0,40,45,0,32,33,35,1,0,23,42,129,43,91,511,1,0,1023,0,0,0,0,0,0,0,0,0,0,0,0,Sonny,Cumbie,0,0,0,0,0,0,50,0,0,0,56,65535,54,0,0,1,0,0,0,0,70,70,0,0,0,0,0,1,0,3,1,0,0,0,0,0,0,0,0,0,0,0,0,2,0,0,0,0,2,0
0,0,0,40,60,0,33,33,34,1,0,9,43,126,44,122,511,2,0,1023,0,1,0,0,0,0,0,0,0,0,0,0,Scott,Satterfield,0,0,0,0,0,0,50,0,0,2,41,65535,40,0,0,1,0,0,0,0,70,70,0,0,0,0,0,0,0,0,1,0,0,0,0,0,0,0,0,0,0,0,0,5,0,0,0,0,2,1
0,0,0,40,60,0,31,34,35,1,0,8,71,128,45,18,511,3,0,1023,0,0,0,0,0,0,0,0,0,0,0,0,Brian,Kelly,0,0,0,0,0,0,50,0,0,2,60,65535,50,0,0,1,0,0,0,0,70,70,0,0,0,0,0,1,0,2,2,0,0,0,0,0,0,0,0,0,0,0,0,2,0,0,0,0,2,0
0,0,0,40,65,0,34,32,34,1,0,0,45,128,46,47,511,1,0,1023,0,0,0,0,0,0,0,0,0,0,0,0,Charles,Huff,0,0,0,0,0,0,50,0,0,4,47,65535,45,0,0,1,0,0,0,0,70,70,0,0,0,0,0,0,0,2,1,0,0,0,0,0,0,0,0,0,0,0,0,1,0,0,0,0,9,0
0,0,0,40,60,0,34,33,33,1,0,14,46,128,47,48,511,1,0,1023,0,0,0,0,0,0,0,0,0,0,0,0,Mike,Locksley,0,0,0,0,0,0,50,0,0,5,57,65535,45,0,0,1,0,0,0,0,70,70,0,0,0,0,0,0,0,1,2,0,0,0,0,0,0,0,0,0,0,0,0,1,0,0,0,0,10,0
0,0,0,40,65,0,34,33,33,1,0,1,47,127,48,49,511,1,0,1023,0,0,0,0,0,0,0,0,0,0,0,0,Ryan,Silverfield,0,0,0,0,0,0,50,0,0,0,55,65535,55,0,0,1,0,0,0,0,70,70,0,0,0,0,0,1,0,1,1,0,0,0,0,0,0,0,0,0,0,0,0,0,0,0,0,0,0,0
0,0,0,40,60,0,32,38,30,1,0,14,48,126,49,119,511,5,0,1023,0,1,0,0,0,0,0,0,0,0,0,0,Mario,Cristobal,0,0,0,0,0,0,50,0,0,5,62,65535,47,0,0,1,0,0,0,0,70,70,0,0,0,0,0,0,0,2,2,0,0,0,0,0,0,0,0,0,0,0,0,1,0,0,0,0,0,0
0,0,0,40,65,0,33,32,35,1,0,9,35,129,50,69,511,1,0,1023,0,0,0,0,0,0,0,0,0,0,0,0,Chuck,Martin,0,0,0,0,0,0,50,0,0,2,51,65535,47,0,0,1,0,0,0,0,70,70,0,0,0,0,0,1,0,3,1,0,0,0,0,0,0,0,0,0,0,0,0,0,0,0,0,0,11,0
0,0,0,40,60,0,30,35,35,1,0,10,50,129,51,124,511,4,0,1023,0,0,0,0,0,0,0,0,0,0,0,0,Jim,Harbaugh,0,0,0,0,0,0,50,0,0,2,42,65535,42,0,0,1,0,0,0,0,70,70,0,0,0,0,0,0,0,0,1,0,0,0,0,0,0,0,0,0,0,0,0,2,0,0,0,0,0,1
0,0,0,40,55,0,32,33,35,1,0,6,51,128,52,52,511,3,0,1023,0,0,0,0,0,0,0,0,0,0,0,0,Mel,Tucker,0,0,0,0,0,0,50,0,0,5,55,65535,50,0,0,1,0,0,0,0,70,70,0,0,0,0,0,0,0,2,2,0,0,0,0,0,0,0,0,0,0,0,0,1,0,0,0,0,9,0
0,0,0,40,60,0,32,32,36,1,0,18,52,129,53,54,511,1,0,1023,0,0,0,0,0,0,0,0,0,0,0,0,Rick,Stockstill,0,0,0,0,0,0,50,0,0,1,49,65535,47,0,0,1,0,0,0,0,70,70,0,0,0,0,0,1,0,3,1,0,0,0,0,0,0,0,0,0,0,0,0,1,0,0,0,0,9,0
0,0,0,40,60,0,32,33,35,1,0,8,53,128,54,121,511,3,0,1023,0,0,0,0,0,0,0,0,0,0,0,0,P.J.,Fleck,0,0,0,0,0,0,50,0,0,4,65,65535,44,0,0,1,0,0,0,0,70,70,0,0,0,0,0,1,0,2,1,0,0,0,0,0,0,0,0,0,0,0,0,0,0,0,0,0,6,0
0,0,0,40,60,0,33,33,34,1,0,22,54,127,55,92,511,3,0,1023,0,0,0,0,0,0,0,0,0,0,0,0,Mike,Leach,0,0,0,0,0,0,50,0,0,5,54,65535,70,0,0,1,0,0,0,0,70,70,0,0,0,0,0,2,0,1,1,0,0,0,0,0,0,0,0,0,0,0,0,2,0,0,0,0,0,0
0,0,0,40,60,0,33,33,34,1,0,7,55,128,56,6,511,2,0,1023,0,0,0,0,0,0,0,0,0,0,0,0,Eliah,Drinkwitz,0,0,0,0,0,0,50,0,0,5,49,65535,49,0,0,1,0,0,0,0,70,70,0,0,0,0,0,2,0,2,1,0,0,0,0,0,0,0,0,0,0,0,0,1,0,0,0,0,2,0
0,0,0,40,55,0,32,34,34,1,0,8,57,126,58,60,511,3,0,1023,0,0,0,0,0,0,0,0,0,0,0,0,Scott,Frost,0,0,0,0,0,0,50,0,0,5,56,65535,45,0,0,1,0,0,0,0,70,70,0,0,0,0,0,1,0,0,1,0,0,0,0,0,0,0,0,0,0,0,0,0,0,0,0,0,0,0
0,0,0,40,60,0,34,33,33,1,0,12,58,128,59,51,511,2,0,1023,0,0,0,0,0,0,0,0,0,0,0,0,Ken,Wilson,0,0,0,0,0,0,50,0,0,4,53,65535,50,0,0,1,0,0,0,0,70,70,0,0,0,0,0,1,0,2,2,0,0,0,0,0,0,0,0,0,0,0,0,0,0,0,0,0,0,0
0,0,0,40,65,0,35,33,32,1,0,4,59,127,60,121,511,1,0,1023,0,1,0,0,0,0,0,0,0,0,0,0,Danny,Gonzales,0,0,0,0,0,0,50,0,0,2,43,65535,45,0,0,1,0,0,0,0,70,70,0,0,0,0,0,0,0,1,1,0,0,0,0,0,0,0,0,0,0,0,0,1,0,0,0,0,2,0
0,0,0,40,15,0,32,32,36,1,0,4,60,129,61,91,511,1,0,1023,0,0,0,0,0,0,0,0,0,0,0,0,Jerry,Kill,0,0,0,0,0,0,50,0,0,2,52,65535,50,0,0,1,0,0,0,0,70,70,0,0,0,0,0,0,0,0,1,0,0,0,0,0,0,0,0,0,0,0,0,1,0,0,0,0,0,0
0,0,0,40,70,0,31,35,34,1,0,33,61,126,62,122,511,4,0,1023,0,0,0,0,0,0,0,0,0,0,0,0,Mack,Brown,0,0,0,0,0,0,50,0,0,2,63,65535,45,0,0,1,0,0,0,0,70,70,0,0,0,0,0,2,0,0,1,0,0,0,0,0,0,0,0,0,0,0,0,0,0,0,0,0,2,0
0,0,0,40,65,0,33,32,35,1,0,16,62,127,63,64,511,1,0,1023,0,0,0,0,0,0,0,0,0,0,0,0,Dave,Doeren,0,0,0,0,0,0,50,0,0,2,40,65535,50,0,0,1,0,0,0,0,70,70,0,0,0,0,0,1,0,1,1,0,0,0,0,0,0,0,0,0,0,0,0,2,0,0,0,0,9,0
0,0,0,40,45,0,32,31,37,1,0,9,63,127,64,36,511,2,0,1023,0,0,0,0,0,0,0,0,0,0,0,0,Seth,Littrell,0,0,0,0,0,0,50,0,0,4,48,65535,55,0,0,1,0,0,0,0,70,70,0,0,0,0,0,0,0,1,1,0,0,0,0,0,0,0,0,0,0,0,0,2,0,0,0,0,0,0
0,0,0,40,55,0,34,33,33,1,0,11,64,129,65,1,511,2,0,1023,0,0,0,0,0,0,0,0,0,0,0,0,Terry,Bowden,0,0,0,0,0,0,50,0,0,2,47,65535,53,0,0,1,0,0,0,0,70,70,0,0,0,0,0,2,0,3,1,0,0,0,0,0,0,0,0,0,0,0,0,2,0,0,0,0,2,1
0,0,0,40,55,0,35,32,33,1,0,3,65,129,66,122,511,1,0,1023,0,0,0,0,0,0,0,0,0,0,0,0,Thomas,Hammock,0,0,0,0,0,0,50,0,0,5,58,65535,35,0,0,1,0,0,0,0,70,70,0,0,0,0,0,0,0,3,4,0,0,0,0,0,0,0,0,0,0,0,0,0,0,0,0,0,1,0
0,0,0,40,65,0,35,32,33,1,0,15,66,125,67,68,511,3,0,1023,0,0,0,0,0,0,0,0,0,0,0,0,Pat,Fitzgerald,0,0,0,0,0,0,50,0,0,2,42,65535,45,0,0,1,0,0,0,0,70,70,0,0,0,0,0,0,0,3,1,0,0,0,0,0,0,0,0,0,0,0,0,2,0,0,0,0,9,0
0,0,0,40,65,0,30,36,34,1,0,17,109,125,68,69,511,4,0,1023,0,2,0,0,0,0,0,0,0,0,0,0,Marcus,Freeman,0,0,0,0,0,0,50,0,0,4,49,65535,51,0,0,1,0,0,0,0,70,70,0,0,0,0,0,0,0,3,1,0,0,0,0,0,0,0,0,0,0,0,0,0,0,0,0,0,2,0
0,0,0,40,55,0,33,32,35,1,0,16,68,125,69,71,511,1,0,1023,0,0,0,0,0,0,0,0,0,0,0,0,Tim,Albin,0,0,0,0,0,0,50,0,0,2,52,65535,45,0,0,1,0,0,0,0,70,70,0,0,0,0,0,1,0,3,1,0,0,0,0,0,0,0,0,0,0,0,0,0,0,0,0,0,0,0
0,0,0,40,65,0,30,37,33,1,0,7,69,128,70,119,511,5,0,1023,0,0,0,0,0,0,0,0,0,0,0,0,Ryan,Day,0,0,0,0,0,0,50,0,0,5,55,65535,45,0,0,1,0,0,0,0,70,70,0,0,0,0,0,0,0,2,1,0,0,0,0,0,0,0,0,0,0,0,0,1,0,0,0,0,0,0
0,0,0,40,65,0,30,34,36,1,0,11,70,128,71,73,511,4,0,1023,0,0,0,0,0,0,0,0,0,0,0,0,Brian,Venables,0,0,0,0,0,0,50,0,0,2,65,65535,50,0,0,1,0,0,0,0,70,70,0,0,0,0,0,2,0,2,2,0,0,0,0,0,0,0,0,0,0,0,0,1,0,0,0,0,9,0
0,0,0,40,70,0,32,33,35,1,0,22,44,128,72,72,511,4,0,1023,0,0,0,0,0,0,0,0,0,0,0,0,Mike,Gundy,0,0,0,0,0,0,50,0,0,0,41,65535,44,0,0,1,0,0,0,0,70,70,0,0,0,0,0,2,0,2,1,0,0,0,0,0,0,0,0,0,0,0,0,2,0,0,0,0,0,0
0,0,0,40,60,0,32,35,33,1,0,13,72,125,73,57,511,4,0,1023,0,0,0,0,0,0,0,0,0,0,0,0,Lane,Kiffin,0,0,0,0,0,0,50,0,0,2,53,65535,45,0,0,1,0,0,0,0,70,70,0,0,0,0,0,0,0,3,1,0,0,0,0,0,0,0,0,0,0,0,0,0,0,0,0,0,2,0
0,0,0,40,70,0,31,37,32,1,0,10,73,126,74,122,511,4,0,1023,0,0,0,0,0,0,0,0,0,0,0,0,Dan,Lanning,0,0,0,0,0,0,50,0,0,2,56,65535,45,0,0,1,0,0,0,0,70,70,0,0,0,0,0,2,0,0,2,0,0,0,0,0,0,0,0,0,0,0,0,0,0,0,0,0,0,0
0,0,0,40,55,0,33,33,34,1,0,7,74,126,75,74,511,3,0,1023,0,0,0,0,0,0,0,0,0,0,0,0,Jonathan,Smith,0,0,0,0,0,0,50,0,0,2,57,65535,49,0,0,1,0,0,0,0,70,70,0,0,0,0,0,1,0,0,1,0,0,0,0,0,0,0,0,0,0,0,0,2,0,0,0,0,0,0
0,0,0,40,65,0,33,34,33,1,0,15,75,125,76,121,511,4,0,1023,0,2,0,0,0,0,0,0,0,0,0,0,James,Franklin,0,0,0,0,0,0,50,0,0,0,43,65535,47,0,0,1,0,0,0,0,70,70,0,0,0,0,0,0,0,3,1,0,0,0,0,0,0,0,0,0,0,0,0,1,0,0,0,0,9,1
0,0,0,40,60,0,32,32,36,1,0,18,86,129,77,121,511,3,0,1023,0,0,0,0,0,0,0,0,0,0,0,0,Pat,Narduzzi,0,0,0,0,0,0,50,0,0,0,62,65535,47,0,0,1,0,0,0,0,70,70,0,0,0,0,0,0,0,3,4,0,0,0,0,0,0,0,0,0,0,0,0,2,0,0,0,0,2,1
0,0,0,40,60,0,35,32,33,1,0,10,77,125,78,121,511,2,0,1023,0,0,0,0,0,0,0,0,0,0,0,0,Jeff,Brohm,0,0,0,0,0,0,50,0,0,5,59,65535,55,0,0,1,0,0,0,0,70,70,0,0,0,0,0,1,0,3,1,0,0,0,0,0,0,0,0,0,0,0,0,4,0,0,0,0,9,0
0,0,0,40,55,0,32,33,35,1,0,8,78,126,79,86,511,1,0,1023,0,0,0,0,0,0,0,0,0,0,0,0,Mike,Bloomgren,0,0,0,0,0,0,50,0,0,5,44,65535,42,0,0,1,0,0,0,0,70,70,0,0,0,0,0,0,0,0,4,0,0,0,0,0,0,0,0,0,0,0,0,0,0,0,0,0,2,0
0,0,0,40,60,0,33,34,33,1,0,17,79,125,80,121,511,2,0,1023,0,0,0,0,0,0,0,0,0,0,0,0,Greg,Schiano,0,0,0,0,0,0,50,0,0,0,61,65535,50,0,0,1,0,0,0,0,70,70,0,0,0,0,0,0,0,3,1,0,0,0,0,0,0,0,0,0,0,0,0,2,0,0,0,0,9,0
0,0,0,40,55,0,33,33,34,1,0,14,80,127,81,53,511,2,0,1023,0,0,0,0,0,0,0,0,0,0,0,0,Brady,Hoke,0,0,0,0,0,0,50,0,0,4,43,65535,45,0,0,1,0,0,0,0,70,70,0,0,0,0,0,1,0,1,2,0,0,0,0,0,0,0,0,0,0,0,0,2,0,0,0,0,2,0
0,0,0,40,55,0,34,32,34,1,0,5,81,129,82,108,511,1,0,1023,0,0,0,0,0,0,0,0,0,0,0,0,Brent,Brennan,0,0,0,0,0,0,50,0,0,5,59,65535,60,0,0,1,0,0,0,0,70,70,0,0,0,0,0,0,0,0,1,0,0,0,0,0,0,0,0,0,0,0,0,2,0,0,0,0,9,0
0,0,0,40,70,0,33,33,34,1,0,15,82,126,83,16,511,1,0,1023,0,0,0,0,0,0,0,0,0,0,0,0,Rhett,Lashlee,0,0,0,0,0,0,50,0,0,5,49,65535,55,0,0,1,0,0,0,0,70,70,0,0,0,0,0,0,0,0,1,0,0,0,0,0,0,0,0,0,0,0,0,2,0,0,0,0,0,0
0,0,0,40,65,0,34,32,34,1,0,0,83,128,84,122,511,2,0,1023,0,0,0,0,0,0,0,0,0,0,0,0,Shane,Beamer,0,0,0,0,0,0,50,0,0,0,49,65535,52,0,0,1,0,0,0,0,70,70,0,0,0,0,0,2,0,2,4,0,0,0,0,0,0,0,0,0,0,0,0,0,0,0,0,0,0,0
0,0,0,40,70,0,34,33,33,1,0,3,84,128,85,122,511,1,0,1023,0,0,0,0,0,0,0,0,0,0,0,0,Will,Hall,0,0,0,0,0,0,50,0,0,0,46,65535,40,0,0,1,0,0,0,0,70,70,0,0,0,0,0,2,0,2,1,0,0,0,0,0,0,0,0,0,0,0,0,0,0,0,0,0,2,0
0,0,0,40,50,0,34,33,33,1,0,6,85,127,86,102,511,1,0,1023,0,0,0,0,0,0,0,0,0,0,0,0,Mike,Desormeaux,0,0,0,0,0,0,50,0,0,5,49,65535,45,0,0,1,0,0,0,0,70,70,0,0,0,0,0,2,0,1,1,0,0,0,0,0,0,0,0,0,0,0,0,2,0,0,0,0,0,0
0,0,0,40,60,0,32,33,35,1,0,14,76,126,87,86,511,4,0,1023,0,2,0,0,0,0,0,0,0,0,0,0,David,Shaw,0,0,0,0,0,0,50,0,0,0,60,65535,45,0,0,1,0,0,0,0,70,70,0,0,0,0,0,1,0,0,4,0,0,0,0,0,0,0,0,0,0,0,0,3,0,0,0,0,11,0
0,0,0,40,55,0,33,32,35,1,0,12,87,127,88,121,511,2,0,1023,0,0,0,0,0,0,0,0,0,0,0,0,Dino,Babers,0,0,0,0,0,0,50,0,0,5,45,65535,50,0,0,1,0,0,0,0,70,70,0,0,0,0,0,1,0,1,1,0,0,0,0,0,0,0,0,0,0,0,0,1,0,0,0,0,2,0
0,0,0,40,70,0,33,32,35,1,0,25,88,126,89,16,511,2,0,1023,0,0,0,0,0,0,0,0,0,0,0,0,Sonny,Dykes,0,0,0,0,0,0,50,0,0,4,49,65535,55,0,0,1,0,0,0,0,70,70,0,0,0,0,0,2,0,2,1,0,0,0,0,0,0,0,0,0,0,0,0,0,0,0,0,0,2,0
0,0,0,40,50,0,34,33,33,1,0,9,89,127,90,124,511,1,0,1023,0,0,0,0,0,0,0,0,0,0,0,0,Stan,Drayton,0,0,0,0,0,0,50,0,0,5,65,65535,45,0,0,1,0,0,0,0,70,70,0,0,0,0,0,0,0,1,4,0,0,0,0,0,0,0,0,0,0,0,0,0,0,0,0,0,11,0
0,0,0,40,60,0,33,33,34,1,0,10,90,128,91,89,511,3,0,1023,0,0,0,0,0,0,0,0,0,0,0,0,Josh,Heupel,0,0,0,0,0,0,50,0,0,5,55,65535,50,0,0,1,0,0,0,0,70,70,0,0,0,0,0,2,0,2,1,0,0,0,0,0,0,0,0,0,0,0,0,1,0,0,0,0,11,0
0,0,0,40,40,0,32,35,33,1,0,10,91,128,92,104,511,4,0,1023,0,0,0,0,0,0,0,0,0,0,0,0,Steve,Sarkisian,0,0,0,0,0,0,50,0,0,2,49,65535,50,0,0,1,0,0,0,0,70,70,0,0,0,0,0,0,0,2,4,0,0,0,0,0,0,0,0,0,0,0,0,2,0,0,0,0,9,0
0,0,0,40,75,0,30,37,33,1,0,22,92,128,93,27,511,5,0,1023,0,0,0,0,0,0,0,0,0,0,0,0,Jimbo,Fisher,0,0,0,0,0,0,50,0,0,0,50,65535,47,0,0,1,0,0,0,0,70,70,0,0,0,0,0,0,0,2,4,0,0,0,0,0,0,0,0,0,0,0,0,4,0,0,0,0,0,0
0,0,0,40,70,0,33,33,34,1,0,9,93,127,94,121,511,1,0,1023,0,0,0,0,0,0,0,0,0,0,0,0,Joey,McGuire,0,0,0,0,0,0,50,0,0,2,59,65535,52,0,0,1,0,0,0,0,70,70,0,0,0,0,0,1,0,1,1,0,0,0,0,0,0,0,0,0,0,0,0,2,0,0,0,0,9,0
0,0,0,40,60,0,34,33,33,1,0,9,94,128,95,94,511,1,0,1023,0,0,0,0,0,0,0,0,0,0,0,0,Jason,Candle,0,0,0,0,0,0,50,0,0,2,48,65535,45,0,0,1,0,0,0,0,70,70,0,0,0,0,0,2,0,2,1,0,0,0,0,0,0,0,0,0,0,0,0,1,0,0,0,0,9,0
0,0,0,40,55,0,33,33,34,1,0,7,95,125,96,122,511,2,0,1023,0,2,0,0,0,0,0,0,0,0,0,0,Willie,Fritz,0,0,0,0,0,0,50,0,0,0,59,65535,30,0,0,1,0,0,0,0,70,70,0,0,0,0,0,1,0,3,1,0,0,0,0,0,0,0,0,0,0,0,0,5,0,0,0,0,0,0
0,0,0,40,65,0,28,32,40,1,0,16,96,127,97,10,511,1,0,1023,0,0,0,0,0,0,0,0,0,0,0,0,Philip,Montgomery,0,0,0,0,0,0,50,0,0,2,44,65535,45,0,0,1,0,0,0,0,70,70,0,0,0,0,0,0,0,1,1,0,0,0,0,0,0,0,0,0,0,0,0,0,0,0,0,0,2,0
0,0,0,40,65,0,34,31,35,1,0,6,97,127,98,122,511,2,0,1023,0,2,0,0,0,0,0,0,0,0,0,0,Bill,Clark,0,0,0,0,0,0,50,0,0,0,44,65535,41,0,0,1,0,0,0,0,70,70,0,0,0,0,0,1,0,1,1,0,0,0,0,0,0,0,0,0,0,0,0,3,0,0,0,0,0,0
0,0,0,40,65,0,32,34,34,1,0,9,98,128,99,75,511,4,0,1023,0,0,0,0,0,0,0,0,0,0,0,0,Chip,Kelly,0,0,0,0,0,0,50,0,0,2,63,65535,40,0,0,1,0,0,0,0,70,70,0,0,0,0,0,0,0,2,0,0,0,0,0,0,0,0,0,0,0,0,0,0,0,0,0,0,11,0
0,0,0,40,60,0,32,36,32,1,0,2,99,125,100,124,511,2,0,1023,0,0,0,0,0,0,0,0,0,0,0,0,Jim,Mora,0,0,0,0,0,0,50,0,0,4,47,65535,43,0,0,1,0,0,0,0,70,70,0,0,0,0,0,0,0,3,4,0,0,0,0,0,0,0,0,0,0,0,0,0,0,0,0,0,2,0
0,0,0,40,60,0,35,29,36,1,0,9,100,126,101,103,511,1,0,1023,0,0,0,0,0,0,0,0,0,0,0,0,Marcus,Arroyo,0,0,0,0,0,0,50,0,0,0,50,65535,49,0,0,1,0,0,0,0,70,70,0,0,0,0,0,1,0,3,1,0,0,0,0,0,0,0,0,0,0,0,0,1,0,0,0,0,9,0
0,0,0,40,65,0,30,38,32,1,0,0,101,127,102,73,511,6,0,1023,0,0,0,0,0,0,0,0,0,0,0,0,Lincoln,Riley,0,0,0,0,0,0,50,0,0,5,57,65535,50,0,0,1,0,0,0,0,70,70,0,0,0,0,0,2,0,1,1,0,0,0,0,0,0,0,0,0,0,0,0,1,0,0,0,0,11,0
0,0,0,40,60,0,30,34,36,1,0,26,34,128,103,107,511,4,0,1023,0,0,0,0,0,0,0,0,0,0,0,0,Kyle,Whittingham,0,0,0,0,0,0,50,0,0,0,47,65535,45,0,0,1,0,0,0,0,70,70,0,0,0,0,0,0,0,2,1,0,0,0,0,0,0,0,0,0,0,0,0,2,0,0,0,0,2,0
0,0,0,40,55,0,33,31,36,1,0,15,103,128,104,65,511,1,0,1023,0,0,0,0,0,0,0,0,0,0,0,0,Blake,Anderson,0,0,0,0,0,0,50,0,0,2,59,65535,50,0,0,1,0,0,0,0,70,70,0,0,0,0,0,1,0,2,1,0,0,0,0,0,0,0,0,0,0,0,0,1,0,0,0,0,0,0
0,0,0,40,55,0,34,34,32,1,0,20,104,128,105,52,511,1,0,1023,0,0,0,0,0,0,0,0,0,0,0,0,Dana,Dimel,0,0,0,0,0,0,50,0,0,5,54,65535,40,0,0,1,0,0,0,0,70,70,0,0,0,0,0,0,0,2,1,0,0,0,0,0,0,0,0,0,0,0,0,1,0,0,0,0,2,0
0,0,0,40,60,0,32,33,35,1,0,3,105,128,106,109,511,1,0,1023,0,0,0,0,0,0,0,0,0,0,0,0,Clark,Lea,0,0,0,0,0,0,50,0,0,5,62,65535,50,0,0,1,0,0,0,0,70,70,0,0,0,0,0,0,0,2,1,0,0,0,0,0,0,0,0,0,0,0,0,5,0,0,0,0,0,0
0,0,0,40,55,0,33,34,33,1,0,24,106,127,107,19,511,2,0,1023,0,0,0,0,0,0,0,0,0,0,0,0,Tony,Elliott,0,0,0,0,0,0,50,0,0,2,51,65535,50,0,0,1,0,0,0,0,70,70,0,0,0,0,0,0,0,1,1,0,0,0,0,0,0,0,0,0,0,0,0,4,0,0,0,0,11,0
0,0,0,40,60,0,31,33,36,1,0,12,107,125,108,76,511,2,0,1023,0,0,0,0,0,0,0,0,0,0,0,0,Brent,Pry,0,0,0,0,0,0,50,0,0,5,42,65535,45,0,0,1,0,0,0,0,70,70,0,0,0,0,0,0,0,3,2,0,0,0,0,0,0,0,0,0,0,0,0,1,0,0,0,0,9,0
0,0,0,40,60,0,32,33,35,1,0,13,108,128,109,112,511,4,0,1023,0,0,0,0,0,0,0,0,0,0,0,0,Dave,Clawson,0,0,0,0,0,0,50,0,0,5,52,65535,50,0,0,1,0,0,0,0,70,70,0,0,0,0,0,1,0,2,1,0,0,0,0,0,0,0,0,0,0,0,0,0,0,0,0,0,2,0
0,2,2,40,57,2,31,34,35,1,0,0,67,129,110,121,511,3,0,1023,0,0,0,0,0,0,0,0,0,0,0,0,Kalean,DeBoer,0,0,0,0,0,0,50,0,0,0,48,65535,53,0,0,1,0,0,0,0,71,71,0,0,0,0,0,2,0,2,1,0,0,0,0,0,0,0,0,0,0,0,0,1,0,0,0,0,11,0
0,0,0,40,75,0,33,32,35,1,0,0,110,128,111,119,511,1,0,1023,0,0,0,0,0,0,0,0,0,0,0,0,Jake,Dickert,0,0,0,0,0,0,50,0,0,0,45,65535,55,0,0,1,0,0,0,0,70,70,0,0,0,0,0,1,0,2,1,0,0,0,0,0,0,0,0,0,0,0,0,2,0,0,0,0,2,0
0,0,0,40,75,0,34,33,33,1,0,13,111,128,112,121,511,2,0,1023,0,0,0,0,0,0,0,0,0,0,0,0,Neal,Brown,0,0,0,0,0,0,50,0,0,2,54,65535,56,0,0,1,0,0,0,0,70,70,0,0,0,0,0,1,0,2,1,0,0,0,0,0,0,0,0,0,0,0,0,1,0,0,0,0,0,0
0,0,0,40,55,0,33,34,33,1,0,5,112,125,113,121,511,2,0,1023,0,0,0,0,0,0,0,0,0,0,0,0,Tim,Lester,0,0,0,0,0,0,50,0,0,5,40,65535,40,0,0,1,0,0,0,0,70,70,0,0,0,0,0,1,0,3,1,0,0,0,0,0,0,0,0,0,0,0,0,2,0,0,0,0,0,0
0,0,0,40,60,0,31,33,36,1,0,20,113,126,114,117,511,2,0,1023,0,0,0,0,0,0,0,0,0,0,0,0,Paul,Chryst,0,0,0,0,0,0,50,0,0,5,55,65535,39,0,0,1,0,0,0,0,70,70,0,0,0,0,0,0,0,0,2,0,0,0,0,0,0,0,0,0,0,0,0,1,0,0,0,0,11,1
0,0,0,40,60,0,34,30,36,1,0,16,114,128,115,122,511,2,0,1023,0,0,0,0,0,0,0,0,0,0,0,0,Craig,Bohl,0,0,0,0,0,0,50,0,0,2,56,65535,40,0,0,1,0,0,0,0,70,70,0,0,0,0,0,1,0,2,4,0,0,0,0,0,0,0,0,0,0,0,0,1,0,0,0,0,0,0
0,0,0,40,65,0,33,33,34,1,0,7,142,127,143,73,511,1,0,1023,0,0,0,0,0,0,0,0,0,0,0,0,John,Sumrall,0,0,0,0,0,0,50,0,0,4,59,65535,50,0,0,1,0,0,0,0,70,70,0,0,0,0,0,1,0,1,1,0,0,0,0,0,0,0,0,0,0,0,0,2,0,0,0,0,2,0
0,0,0,40,60,0,31,33,36,1,0,6,143,127,144,121,511,2,0,1023,0,1,0,0,0,0,0,0,0,0,0,0,Jeff,Scott,0,0,0,0,0,0,50,0,0,4,47,65535,48,0,0,1,0,0,0,0,70,70,0,0,0,0,0,1,0,1,1,0,0,0,0,0,0,0,0,0,0,0,0,4,0,0,0,0,0,0
0,0,0,40,60,0,32,33,35,1,1,0,375,126,181,120,511,1,0,1023,0,0,0,0,0,0,0,0,0,0,0,0,Don,Brown,0,0,0,0,0,0,50,0,0,0,45,65535,55,0,0,1,0,0,0,0,70,70,0,0,0,0,0,1,0,0,2,0,0,0,0,0,0,0,0,0,0,0,0,0,0,0,0,0,11,0
0,0,0,40,55,0,34,34,32,1,0,4,33,126,188,122,511,2,0,1023,0,0,0,0,0,0,0,0,0,0,0,0,Shawn,Clark,0,0,0,0,0,0,50,0,0,2,45,65535,37,0,0,1,0,0,0,0,70,70,0,0,0,0,0,0,0,0,1,0,0,0,0,0,0,0,0,0,0,0,0,2,0,0,0,0,11,0
0,0,0,40,60,0,30,32,38,1,0,5,177,128,211,122,511,2,0,1023,0,0,0,0,0,0,0,0,0,0,0,0,Tyson,Helton,0,0,0,0,0,0,50,0,0,0,45,65535,50,0,0,1,0,0,0,0,70,70,0,0,0,0,0,1,0,2,1,0,0,0,0,0,0,0,0,0,0,0,0,1,0,0,0,0,0,0
0,0,0,40,25,0,31,32,37,1,0,8,378,127,218,27,511,2,0,1023,0,0,0,0,0,0,0,0,0,0,0,0,Jake,Spavital,0,0,0,0,0,0,50,0,0,5,47,65535,55,0,0,1,0,0,0,0,70,70,0,0,0,0,0,1,0,1,1,0,0,0,0,0,0,0,0,0,0,0,0,2,0,0,0,0,11,0
0,0,0,40,55,0,33,34,33,1,0,10,195,126,229,105,511,3,0,1023,0,0,0,0,0,0,0,0,0,0,0,0,Willie,Taggart,0,0,0,0,0,0,50,0,0,0,50,65535,41,0,0,1,0,0,0,0,70,70,0,0,0,0,0,0,0,2,2,0,0,0,0,0,0,0,0,0,0,0,0,0,0,0,0,0,9,0
0,0,0,40,55,0,33,33,34,1,0,14,196,128,230,120,511,2,0,1023,0,0,0,0,0,0,0,0,0,0,0,0,Mike,McIntyre,0,0,0,0,0,0,50,0,0,5,45,65535,47,0,0,1,0,0,0,0,70,70,0,0,0,0,0,0,0,2,1,0,0,0,0,0,0,0,0,0,0,0,0,1,0,0,0,0,8,0
0,0,0,40,50,0,35,29,36,1,0,20,0,126,511,0,511,2,0,1023,0,0,0,0,0,0,0,0,0,0,0,0,Troy,Calhoun,0,0,0,0,0,0,50,0,0,5,45,65535,20,0,0,1,0,0,0,0,70,70,0,0,0,0,0,1,0,0,3,0,0,0,0,0,0,0,0,0,0,0,0,0,0,0,0,0,0,0
0,0,0,45,45,0,29,29,42,1,0,7,7,126,511,7,511,2,0,1023,0,0,0,0,0,0,0,0,0,0,0,0,Jeff,Monken,0,0,0,0,0,0,50,0,0,2,41,65535,15,0,0,1,0,0,0,0,70,70,0,0,0,0,0,1,0,0,3,0,0,0,0,0,0,0,0,0,0,0,0,0,0,0,0,0,2,0
0,0,0,40,40,0,29,32,39,1,0,8,387,126,511,84,511,1,0,1023,0,0,0,0,0,0,0,0,0,0,0,0,Paul,Petrino,0,0,0,0,0,0,50,0,0,2,54,65535,45,0,0,1,0,0,0,0,70,70,0,0,0,0,0,1,0,0,2,0,0,0,0,0,0,0,0,0,0,0,0,2,0,0,0,0,2,0
0,0,0,50,50,0,29,35,36,1,0,15,56,126,511,59,511,2,0,1023,0,0,0,0,0,0,0,0,0,0,0,0,Ken,Niumatalolo,0,0,0,0,0,0,50,0,0,0,48,65535,15,0,0,1,0,0,0,0,70,70,0,0,0,0,0,2,0,0,3,0,0,0,0,0,0,0,0,0,0,0,0,2,0,0,0,0,9,0
0,0,0,40,40,0,30,30,40,1,0,8,387,126,511,84,511,2,0,1023,0,0,0,0,0,0,0,0,0,0,0,0,Shawn,Elliott,0,0,0,0,0,0,50,0,0,2,63,65535,45,0,0,1,0,0,0,0,70,70,0,0,0,0,0,1,0,0,2,0,0,0,0,0,0,0,0,0,0,0,0,0,0,0,0,0,2,0
0,0,0,55,33,0,32,36,32,1,0,0,115,0,511,121,0,5,0,65535,0,5,0,0,0,0,0,0,0,0,0,0,Urban,Meyer,0,0,0,0,0,0,50,0,0,0,52,65535,48,0,0,1,0,0,0,0,60,55,0,0,0,0,0,0,0,3,2,0,0,0,0,0,0,0,0,0,0,0,0,1,0,0,2,0,3,0
0,0,0,50,62,0,28,32,40,1,0,0,116,0,511,121,0,1,0,65535,0,5,0,0,0,0,0,0,0,0,0,0,Chad,Lunsford,0,0,0,0,0,0,50,0,0,0,56,65535,57,0,0,1,1,0,0,0,65,55,0,0,0,0,0,0,0,3,2,0,0,0,0,0,0,0,0,0,0,0,0,4,0,0,1,0,3,0
0,0,0,40,57,0,33,33,34,1,0,0,117,0,511,124,0,4,0,65535,0,5,0,0,0,0,0,0,0,0,0,0,Ed,Orgeron,0,0,0,0,0,0,50,0,0,0,52,65535,60,0,0,1,0,0,0,0,45,45,0,0,0,0,0,0,0,3,2,0,0,0,0,0,0,0,0,0,0,0,0,4,0,0,1,0,3,1
0,0,0,40,46,0,33,30,37,1,0,0,155,0,511,120,0,2,0,65535,0,0,0,0,0,0,0,0,0,0,0,0,Nick,Rolovich,0,0,0,0,0,0,50,0,0,5,43,65535,49,0,0,1,1,0,0,0,40,65,0,0,0,0,0,0,0,3,1,0,0,0,0,0,0,0,0,0,0,0,0,4,0,0,1,0,3,0
0,0,0,70,42,0,35,37,28,1,0,0,118,0,511,122,0,1,0,65535,0,5,0,0,0,0,0,0,0,0,0,0,Matt,Wells,0,0,0,0,0,0,50,0,0,0,62,65535,35,0,0,1,1,0,0,0,40,45,0,0,0,0,0,0,0,3,2,0,0,0,0,0,0,0,0,0,0,0,0,5,0,0,2,0,3,0
0,0,0,50,46,0,28,38,34,1,0,0,119,0,511,123,0,3,0,65535,0,5,0,0,0,0,0,0,0,0,0,0,Gary,Patterson,0,0,0,0,0,0,50,0,0,0,51,65535,36,0,0,1,0,0,0,0,40,65,0,0,0,0,0,0,0,3,2,0,0,0,0,0,0,0,0,0,0,0,0,5,0,0,1,0,2,0
0,0,0,60,38,0,35,28,37,1,0,0,120,0,511,121,0,1,0,65535,0,0,0,0,0,0,0,0,0,0,0,0,Tom,Arth,0,0,0,0,0,0,50,0,0,2,40,65535,55,0,0,1,1,0,0,0,50,50,0,0,0,0,0,0,0,3,2,0,0,0,0,0,0,0,0,0,0,0,0,2,0,0,1,0,2,0
0,0,0,40,46,0,29,37,34,1,0,0,160,0,511,120,0,1,0,65535,0,0,0,0,0,0,0,0,0,0,0,0,Walt,Bell,0,0,0,0,0,0,50,0,0,0,43,65535,56,0,0,1,0,0,0,0,40,65,0,0,0,0,0,0,0,3,1,0,0,0,0,0,0,0,0,0,0,0,0,2,0,0,0,0,2,1
0,0,0,50,40,0,35,37,28,1,0,0,121,0,511,119,0,2,0,65535,0,0,0,0,0,0,0,0,0,0,0,0,Jimmy,Lake,0,0,0,0,0,0,50,0,0,2,63,65535,49,0,0,1,1,0,0,0,45,40,0,0,0,0,0,0,0,3,2,0,0,0,0,0,0,0,0,0,0,0,0,2,0,0,1,0,0,0
0,0,0,60,42,0,34,34,32,1,0,0,122,0,511,124,0,2,0,65535,0,0,0,0,0,0,0,0,0,0,0,0,Butch,Davis,0,0,0,0,0,0,50,0,0,0,45,65535,53,0,0,1,1,0,0,0,45,55,0,0,0,0,0,0,0,3,2,0,0,0,0,0,0,0,0,0,0,0,0,2,0,0,1,0,2,0
0,0,0,50,54,0,34,35,31,1,0,0,123,0,511,119,0,2,0,65535,0,0,0,0,0,0,0,0,0,0,0,0,Justin,Fuente,0,0,0,0,0,0,50,0,0,5,64,65535,46,0,0,1,0,0,0,0,50,50,0,0,0,0,0,1,0,3,2,0,0,0,0,0,0,0,0,0,0,0,0,4,0,0,1,0,1,0
0,0,0,40,46,0,35,33,32,1,0,0,144,0,511,120,0,3,0,65535,0,0,0,0,0,0,0,0,0,0,0,0,Dan,Mullen,0,0,0,0,0,0,50,0,0,0,63,65535,46,0,0,1,0,0,0,0,40,65,0,0,0,0,0,0,0,3,1,0,0,0,0,0,0,0,0,0,0,0,0,2,0,0,1,0,2,0
0,0,0,50,77,0,34,38,28,1,0,0,124,0,511,121,0,2,0,65535,0,5,0,0,0,0,0,0,0,0,0,0,Doug,Martin,0,0,0,0,0,0,50,0,0,0,56,65535,50,0,0,1,1,0,0,0,50,65,0,0,0,0,0,0,0,3,2,0,0,0,0,0,0,0,0,0,0,0,0,4,0,0,1,0,3,1
0,0,0,40,46,0,35,33,32,1,0,0,163,0,511,119,0,2,0,65535,0,0,0,0,0,0,0,0,0,0,0,0,Chip,Lindsey,0,0,0,0,0,0,50,0,0,0,45,65535,54,0,0,1,0,0,0,0,40,65,0,0,0,0,0,0,0,3,1,0,0,0,0,0,0,0,0,0,0,0,0,0,0,0,1,0,2,0
0,0,0,50,62,0,34,35,31,1,0,0,185,0,511,124,0,1,0,65535,0,0,0,0,0,0,0,0,0,0,0,0,Skip,Holtz,0,0,0,0,0,0,50,0,0,5,61,65535,52,0,0,1,0,0,0,0,55,62,0,0,0,0,0,1,0,3,2,0,0,0,0,0,0,0,0,0,0,0,0,4,0,0,1,0,1,0
0,0,0,50,62,0,31,37,32,1,0,0,187,0,511,124,0,1,0,65535,0,0,0,0,0,0,0,0,0,0,0,0,Rod,Carey,0,0,0,0,0,0,50,0,0,2,51,65535,52,0,0,1,0,0,0,0,55,62,0,0,0,0,0,0,0,3,2,0,0,0,0,0,0,0,0,0,0,0,0,2,0,0,1,0,4,0
0,0,0,40,46,0,33,34,33,1,0,0,157,0,511,119,0,1,0,65535,0,0,0,0,0,0,0,0,0,0,0,0,David,Cutliffe,0,0,0,0,0,0,50,0,0,0,40,65535,45,0,0,1,1,0,0,0,40,65,0,0,0,0,0,0,0,3,2,0,0,0,0,0,0,0,0,0,0,0,0,2,0,0,1,0,2,0
0,0,0,40,57,0,34,31,35,1,0,0,125,0,511,120,0,1,0,65535,0,5,0,0,0,0,0,0,0,0,0,0,Steve,Addazio,0,0,0,0,0,0,50,0,0,0,42,65535,54,0,0,1,0,0,0,0,55,45,0,0,0,0,0,1,0,3,1,0,0,0,0,0,0,0,0,0,0,0,0,5,0,0,2,0,1,0
0,0,0,40,46,0,29,38,33,1,0,0,158,0,511,122,0,1,0,65535,0,0,0,0,0,0,0,0,0,0,0,0,Bronco,Mendenhall,0,0,0,0,0,0,50,0,0,2,44,65535,45,0,0,1,0,0,0,0,40,65,0,0,0,0,0,1,0,3,2,0,0,0,0,0,0,0,0,0,0,0,0,2,0,0,1,0,1,0
0,0,0,40,46,0,28,38,34,1,0,0,159,0,511,123,0,2,0,65535,0,0,0,0,0,0,0,0,0,0,0,0,Manny,Diaz,0,0,0,0,0,0,50,0,0,5,46,65535,34,0,0,1,1,0,0,0,40,65,0,0,0,0,0,2,0,3,0,0,0,0,0,0,0,0,0,0,0,0,0,2,0,0,2,0,2,0
0,0,0,65,50,0,35,28,37,1,0,0,126,0,511,120,0,2,0,65535,0,5,0,0,0,0,0,0,0,0,0,0,Tom,Manning,0,0,0,0,0,0,50,0,0,0,46,65535,54,0,0,1,1,0,0,0,65,45,0,0,0,0,0,0,0,3,2,0,0,0,0,0,0,0,0,0,0,0,0,3,0,0,1,0,0,1
0,0,0,60,38,0,34,32,34,1,0,0,127,0,511,124,0,1,0,65535,0,5,0,0,0,0,0,0,0,0,0,0,Antonio,Pierce,0,0,0,0,0,0,50,0,0,0,47,65535,52,0,0,1,0,0,0,0,55,50,0,0,0,0,0,0,0,3,2,0,0,0,0,0,0,0,0,0,0,0,0,5,0,0,1,0,2,1
0,0,0,55,70,0,34,37,29,1,0,0,128,0,511,121,0,1,0,65535,0,0,0,0,0,0,0,0,0,0,0,0,Graham,Harrell,0,0,0,0,0,0,50,0,0,2,48,65535,52,0,0,1,1,0,0,0,45,55,0,0,0,0,0,0,0,3,2,0,0,0,0,0,0,0,0,0,0,0,0,2,0,0,1,0,3,0
0,0,0,40,46,0,32,28,40,1,0,0,145,0,511,120,0,3,0,65535,0,0,0,0,0,0,0,0,0,0,0,0,Jeff,Libby,0,0,0,0,0,0,50,0,0,5,65,65535,47,0,0,1,1,0,0,0,40,65,0,0,0,0,0,1,0,3,1,0,0,0,0,0,0,0,0,0,0,0,0,4,0,0,2,0,1,0
0,0,0,50,46,0,32,36,32,1,0,0,129,0,511,121,0,1,0,65535,0,5,0,0,0,0,0,0,0,0,0,0,Tom,Elliott,0,0,0,0,0,0,50,0,0,0,43,65535,46,0,0,1,1,0,0,0,40,45,0,0,0,0,0,0,0,3,2,0,0,0,0,0,0,0,0,0,0,0,0,3,0,0,1,0,0,1
0,0,0,40,46,0,32,30,38,1,0,0,164,0,511,119,0,2,0,65535,0,0,0,0,0,0,0,0,0,0,0,0,Donte,Williams,0,0,0,0,0,0,50,0,0,1,63,65535,46,0,0,1,0,0,0,0,40,65,0,0,0,0,0,0,0,3,1,0,0,0,0,0,0,0,0,0,0,0,0,2,0,0,1,0,2,0
0,0,0,40,46,0,34,37,29,1,0,0,171,0,511,119,0,2,0,65535,0,0,0,0,0,0,0,0,0,0,0,0,Brian,Hartline,0,0,0,0,0,0,50,0,0,2,47,65535,54,0,0,1,0,0,0,0,40,65,0,0,0,0,0,1,0,3,2,0,0,0,0,0,0,0,0,0,0,0,0,3,0,0,1,0,1,1
0,0,0,40,46,0,35,31,34,1,0,0,172,0,511,121,0,3,0,65535,0,0,0,0,0,0,0,0,0,0,0,0,Pete,Golding,0,0,0,0,0,0,50,0,0,1,65,65535,55,0,0,1,0,0,0,0,40,65,0,0,0,0,0,0,0,3,2,0,0,0,0,0,0,0,0,0,0,0,0,2,0,0,1,0,3,1
0,0,0,60,38,0,33,33,34,1,0,0,130,0,511,124,0,2,0,65535,0,5,0,0,0,0,0,0,0,0,0,0,Mike,Elko,0,0,0,0,0,0,50,0,0,0,41,65535,52,0,0,1,0,0,0,0,55,50,0,0,0,0,0,0,0,3,2,0,0,0,0,0,0,0,0,0,0,0,0,3,0,0,1,0,2,0
0,0,0,50,62,0,32,35,33,1,0,0,189,0,511,122,0,3,0,65535,0,0,0,0,0,0,0,0,0,0,0,0,Deion,Sanders,0,0,0,0,0,0,50,0,0,1,56,65535,52,0,0,1,0,0,0,0,55,62,0,0,0,0,0,1,0,3,2,0,0,0,0,0,0,0,0,0,0,0,0,4,0,0,1,0,1,0
0,0,0,40,46,0,34,30,36,1,0,0,146,0,511,121,0,3,0,65535,0,0,0,0,0,0,0,0,0,0,0,0,Bill,O'Brien,0,0,0,0,0,0,50,0,0,2,52,65535,45,0,0,1,0,0,0,0,40,65,0,0,0,0,0,0,0,3,2,0,0,0,0,0,0,0,0,0,0,0,0,2,0,0,1,0,4,0
0,0,0,40,46,0,29,28,43,1,0,0,147,0,511,122,0,3,0,65535,0,0,0,0,0,0,0,0,0,0,0,0,Alex,Grinch,0,0,0,0,0,0,50,0,0,0,56,65535,54,0,0,1,1,0,0,0,40,65,0,0,0,0,0,0,0,3,2,0,0,0,0,0,0,0,0,0,0,0,0,2,0,0,1,0,4,0
0,0,0,50,62,0,33,35,32,1,0,0,179,0,511,122,0,3,0,65535,0,0,0,0,0,0,0,0,0,0,0,0,Todd,Monken,0,0,0,0,0,0,50,0,0,2,45,65535,52,0,0,1,0,0,0,0,55,62,0,0,0,0,0,1,0,3,2,0,0,0,0,0,0,0,0,0,0,0,0,4,0,0,1,0,1,0
0,0,0,40,57,0,31,38,31,1,0,0,131,0,511,122,0,1,0,65535,0,5,0,0,0,0,0,0,0,0,0,0,Brian,Johnson,0,0,0,0,0,0,50,0,0,0,43,65535,38,0,0,1,0,0,0,0,40,45,0,0,0,0,0,0,0,3,2,0,0,0,0,0,0,0,0,0,0,0,0,3,0,0,1,0,0,0
0,0,0,40,46,0,32,33,35,1,0,0,165,0,511,120,0,2,0,65535,0,0,0,0,0,0,0,0,0,0,0,0,Phil,Longo,0,0,0,0,0,0,50,0,0,1,63,65535,57,0,0,1,1,0,0,0,40,65,0,0,0,0,0,2,0,3,1,0,0,0,0,0,0,0,0,0,0,0,0,0,0,0,1,0,0,0
0,0,0,40,46,0,28,35,37,1,0,0,166,0,511,119,0,1,0,65535,0,0,0,0,0,0,0,0,0,0,0,0,Jay,Bateman,0,0,0,0,0,0,50,0,0,4,42,65535,53,0,0,1,1,0,0,0,40,65,0,0,0,0,0,0,0,3,2,0,0,0,0,0,0,0,0,0,0,0,0,2,0,0,2,0,3,0
0,0,0,70,64,0,33,36,31,1,0,0,132,0,511,121,0,1,0,65535,0,5,0,0,0,0,0,0,0,0,0,0,Steve,Wilks,0,0,0,0,0,0,50,0,0,0,65,65535,46,0,0,1,0,0,0,0,45,55,0,0,0,0,0,0,0,3,2,0,0,0,0,0,0,0,0,0,0,0,0,1,0,0,1,0,0,0
0,0,0,50,62,0,34,38,28,1,0,0,186,0,511,124,0,1,0,65535,0,0,0,0,0,0,0,0,0,0,0,0,Kasey,Dunn,0,0,0,0,0,0,50,0,0,0,60,65535,52,0,0,1,1,0,0,0,55,62,0,0,0,0,0,0,0,3,2,0,0,0,0,0,0,0,0,0,0,0,0,2,0,0,1,0,4,0
0,0,0,65,38,0,29,28,43,1,0,0,134,0,511,124,0,1,0,65535,0,5,0,0,0,0,0,0,0,0,0,0,Aaron,Roderick,0,0,0,0,0,0,50,0,0,0,63,65535,33,0,0,1,1,0,0,0,60,50,0,0,0,0,0,0,0,3,2,0,0,0,0,0,0,0,0,0,0,0,0,5,0,0,2,0,3,0
0,0,0,40,46,0,31,30,39,1,0,0,149,0,511,120,0,1,0,65535,0,0,0,0,0,0,0,0,0,0,0,0,Tommy,Rees,0,0,0,0,0,0,50,0,0,4,42,65535,48,0,0,1,0,0,0,0,40,65,0,0,0,0,0,0,0,3,1,0,0,0,0,0,0,0,0,0,0,0,0,2,0,0,1,0,2,0
0,0,0,50,62,0,35,31,34,1,0,0,181,0,511,123,0,1,0,65535,0,0,0,0,0,0,0,0,0,0,0,0,Kenny,Dillingham,0,0,0,0,0,0,50,0,0,2,59,65535,52,0,0,1,0,0,0,0,55,62,0,0,0,0,0,0,0,3,0,0,0,0,0,0,0,0,0,0,0,0,0,0,0,0,1,0,4,0
0,0,0,60,70,0,33,37,30,1,0,0,133,0,511,122,0,1,0,65535,0,5,0,0,0,0,0,0,0,0,0,0,Nate,Scheelhaase,0,0,0,0,0,0,50,0,0,0,61,65535,42,0,0,1,1,0,0,0,40,55,0,0,0,0,0,0,0,3,2,0,0,0,0,0,0,0,0,0,0,0,0,1,0,0,2,0,2,0
0,0,0,40,46,0,33,34,33,1,0,0,150,0,511,124,0,1,0,65535,0,0,0,0,0,0,0,0,0,0,0,0,Tony,Alford,0,0,0,0,0,0,50,0,0,2,45,65535,53,0,0,1,1,0,0,0,40,65,0,0,0,0,0,0,0,3,2,0,0,0,0,0,0,0,0,0,0,0,0,2,0,0,1,0,2,0
0,0,0,40,46,0,31,35,34,1,0,0,167,0,511,119,0,1,0,65535,0,0,0,0,0,0,0,0,0,0,0,0,Tavita,Pritchard,0,0,0,0,0,0,50,0,0,2,48,65535,53,0,0,1,0,0,0,0,40,65,0,0,0,0,0,0,0,3,2,0,0,0,0,0,0,0,0,0,0,0,0,2,0,0,1,0,4,0
0,0,0,50,62,0,29,34,37,1,0,0,180,0,511,122,0,1,0,65535,0,0,0,0,0,0,0,0,0,0,0,0,Holmon,Wiggins,0,0,0,0,0,0,50,0,0,2,45,65535,52,0,0,1,1,0,0,0,55,62,0,0,0,0,0,0,0,3,2,0,0,0,0,0,0,0,0,0,0,0,0,0,0,0,0,0,3,0
0,0,0,50,40,0,32,34,34,1,0,0,135,0,511,121,0,1,0,65535,0,0,0,0,0,0,0,0,0,0,0,0,Gino,Guidugli,0,0,0,0,0,0,50,0,0,0,47,65535,48,0,0,1,1,0,0,0,50,40,0,0,0,0,0,0,0,3,2,0,0,0,0,0,0,0,0,0,0,0,0,4,0,0,0,0,2,0
0,0,0,40,46,0,35,33,32,1,0,0,168,0,511,124,0,1,0,65535,0,0,0,0,0,0,0,0,0,0,0,0,Joe,Sloan,0,0,0,0,0,0,50,0,0,4,65,65535,44,0,0,1,0,0,0,0,40,65,0,0,0,0,0,1,0,3,2,0,0,0,0,0,0,0,0,0,0,0,0,2,0,0,1,0,1,0
0,0,0,45,47,0,32,37,31,1,0,0,136,0,511,121,0,1,0,65535,0,5,0,0,0,0,0,0,0,0,0,0,Chad,Staggs,0,0,0,0,0,0,50,0,0,0,58,65535,50,0,0,1,0,0,0,0,50,50,0,0,0,0,0,0,0,3,2,0,0,0,0,0,0,0,0,0,0,0,0,1,0,0,1,0,3,0
0,0,0,50,46,0,33,36,31,1,0,0,137,0,511,121,0,1,0,65535,0,0,0,0,0,0,0,0,0,0,0,0,Vince,Kehres,0,0,0,0,0,0,50,0,0,1,42,65535,42,0,0,1,1,0,0,0,40,65,0,0,0,0,0,0,0,3,2,0,0,0,0,0,0,0,0,0,0,0,0,2,0,0,1,0,2,0
0,0,0,40,46,0,32,32,36,1,0,0,151,0,511,123,0,1,0,65535,0,0,0,0,0,0,0,0,0,0,0,0,Mike,Thiessen,0,0,0,0,0,0,50,0,0,5,55,65535,58,0,0,1,1,0,0,0,40,65,0,0,0,0,0,0,0,3,0,0,0,0,0,0,0,0,0,0,0,0,0,2,0,0,2,0,4,0
0,0,0,40,46,0,29,36,35,1,0,0,152,0,511,121,0,1,0,65535,0,0,0,0,0,0,0,0,0,0,0,0,Lance,Taylor,0,0,0,0,0,0,50,0,0,0,63,65535,31,0,0,1,0,0,0,0,40,65,0,0,0,0,0,2,0,3,2,0,0,0,0,0,0,0,0,0,0,0,0,0,0,0,0,0,2,0
0,0,0,60,70,0,32,30,38,1,0,0,138,0,511,120,0,3,0,65535,0,5,0,0,0,0,0,0,0,0,0,0,Kirby,Moore,0,0,0,0,0,0,50,0,0,0,64,65535,32,0,0,1,1,0,0,0,55,55,0,0,0,0,0,0,0,3,1,0,0,0,0,0,0,0,0,0,0,0,0,5,0,0,2,0,3,0
0,0,0,40,46,0,33,28,39,1,0,0,169,0,511,124,0,1,0,65535,0,0,0,0,0,0,0,0,0,0,0,0,Kellen,Moore,0,0,0,0,0,0,50,0,0,0,45,65535,53,0,0,1,1,0,0,0,40,65,0,0,0,0,0,0,0,3,2,0,0,0,0,0,0,0,0,0,0,0,0,2,0,0,0,0,2,0
0,0,0,50,62,0,33,36,31,1,0,0,183,0,511,120,0,2,0,65535,0,0,0,0,0,0,0,0,0,0,0,0,Tosh,Lopoi,0,0,0,0,0,0,50,0,0,5,62,65535,52,0,0,1,0,0,0,0,55,62,0,0,0,0,0,1,0,3,1,0,0,0,0,0,0,0,0,0,0,0,0,4,0,0,1,0,1,1
0,0,0,50,62,0,32,35,33,1,0,0,192,0,511,120,0,1,0,65535,0,0,0,0,0,0,0,0,0,0,0,0,Chris,Marve,0,0,0,0,0,0,50,0,0,5,51,65535,52,0,0,1,1,0,0,0,55,62,0,0,0,0,0,0,0,3,1,0,0,0,0,0,0,0,0,0,0,0,0,2,0,0,1,0,2,0
0,0,0,50,62,0,29,32,39,1,0,0,188,0,511,120,0,1,0,65535,0,0,0,0,0,0,0,0,0,0,0,0,Nick,Eason,0,0,0,0,0,0,50,0,0,2,40,65535,52,0,0,1,1,0,0,0,55,62,0,0,0,0,0,0,0,3,1,0,0,0,0,0,0,0,0,0,0,0,0,2,0,0,1,0,2,0
0,0,0,40,46,0,35,28,37,1,0,0,175,0,511,122,0,1,0,65535,0,0,0,0,0,0,0,0,0,0,0,0,Matt,Barnes,0,0,0,0,0,0,50,0,0,5,52,65535,53,0,0,1,0,0,0,0,40,65,0,0,0,0,0,0,0,3,2,0,0,0,0,0,0,0,0,0,0,0,0,4,0,0,1,0,2,0
0,0,0,50,48,0,35,33,32,1,0,0,313,0,511,120,0,1,0,65535,0,2,0,0,0,0,0,0,0,0,0,0,Mark,Whipple,0,0,0,0,0,0,50,0,0,5,65,65535,55,0,0,1,0,0,0,0,45,50,0,0,0,0,0,1,0,3,1,0,0,0,0,0,0,0,0,0,0,0,0,2,0,0,1,0,1,0
0,0,0,55,38,0,35,30,35,1,0,0,139,0,511,120,0,3,0,65535,0,5,0,0,0,0,0,0,0,0,0,0,Will,Muschamp,0,0,0,0,0,0,50,0,0,0,63,65535,47,0,0,1,1,0,0,0,60,50,0,0,0,0,0,0,0,3,1,0,0,0,0,0,0,0,0,0,0,0,0,4,0,0,1,0,3,1
0,0,0,40,46,0,35,38,27,1,0,0,174,0,511,122,0,1,0,65535,0,0,0,0,0,0,0,0,0,0,0,0,Jim,Knowles,0,0,0,0,0,0,50,0,0,2,55,65535,46,0,0,1,1,0,0,0,40,65,0,0,0,0,0,0,0,3,2,0,0,0,0,0,0,0,0,0,0,0,0,2,0,0,1,0,3,1
0,0,0,50,62,0,32,37,31,1,0,0,182,0,511,121,0,5,0,65535,0,0,0,0,0,0,0,0,0,0,0,0,Tom,Herman,0,0,0,0,0,0,50,0,0,2,63,65535,52,0,0,1,1,0,0,0,55,62,0,0,0,0,0,0,0,3,2,0,0,0,0,0,0,0,0,0,0,0,0,2,0,0,1,0,2,1
0,0,0,50,62,0,35,28,37,1,0,0,191,0,511,124,0,5,0,65535,0,5,0,0,0,0,0,0,0,0,0,0,Chris,Ash,0,0,0,0,0,0,50,0,0,0,58,65535,52,0,0,1,0,0,0,0,55,62,0,0,0,0,0,0,0,3,2,0,0,0,0,0,0,0,0,0,0,0,0,1,0,0,2,0,2,0
0,0,0,50,62,0,31,36,33,1,0,0,190,0,511,121,0,3,0,65535,0,0,0,0,0,0,0,0,0,0,0,0,Nathaniel,Hackett,0,0,0,0,0,0,50,0,0,0,41,65535,52,0,0,1,1,0,0,0,55,62,0,0,0,0,0,0,0,3,2,0,0,0,0,0,0,0,0,0,0,0,0,4,0,0,1,0,3,1
0,0,0,50,62,0,33,30,37,1,0,0,193,0,511,122,0,3,0,65535,0,0,0,0,0,0,0,0,0,0,0,0,Joe,Brady,0,0,0,0,0,0,50,0,0,0,41,65535,52,0,0,1,0,0,0,0,55,62,0,0,0,0,0,0,0,3,2,0,0,0,0,0,0,0,0,0,0,0,0,0,0,0,1,0,2,0
0,0,0,50,40,0,35,32,33,1,0,0,140,0,511,121,0,1,0,65535,0,5,0,0,0,0,0,0,0,0,0,0,Kevin,Wilson,0,0,0,0,0,0,50,0,0,0,50,65535,33,0,0,1,0,0,0,0,55,40,0,0,0,0,0,0,0,3,2,0,0,0,0,0,0,0,0,0,0,0,0,4,0,0,2,0,2,0
0,0,0,50,62,0,29,28,43,1,0,0,184,0,511,121,0,1,0,65535,0,0,0,0,0,0,0,0,0,0,0,0,Warren,Ruggiero,0,0,0,0,0,0,50,0,0,2,58,65535,52,0,0,1,1,0,0,0,55,62,0,0,0,0,0,0,0,3,2,0,0,0,0,0,0,0,0,0,0,0,0,2,0,0,2,0,4,0
0,0,0,40,46,0,29,28,43,1,0,0,156,0,511,122,0,1,0,65535,0,0,0,0,0,0,0,0,0,0,0,0,Jeff,Grimes,0,0,0,0,0,0,50,0,0,0,47,65535,33,0,0,1,0,0,0,0,40,65,0,0,0,0,0,0,0,3,2,0,0,0,0,0,0,0,0,0,0,0,0,4,0,0,1,0,0,0
0,0,0,50,62,0,34,34,32,1,0,0,194,0,511,124,0,1,0,65535,0,0,0,0,0,0,0,0,0,0,0,0,Barry,Odom,0,0,0,0,0,0,50,0,0,1,52,65535,52,0,0,1,1,0,0,0,55,62,0,0,0,0,0,0,0,3,2,0,0,0,0,0,0,0,0,0,0,0,0,2,0,0,1,0,4,1
0,0,0,40,46,0,29,31,40,1,0,0,148,0,511,124,0,1,0,65535,0,0,0,0,0,0,0,0,0,0,0,0,Morgan,Scalley,0,0,0,0,0,0,50,0,0,5,43,65535,44,0,0,1,1,0,0,0,40,65,0,0,0,0,0,0,0,3,2,0,0,0,0,0,0,0,0,0,0,0,0,5,0,0,1,0,2,0
0,0,0,40,46,0,28,30,42,1,0,0,173,0,511,121,0,1,0,65535,0,0,0,0,0,0,0,0,0,0,0,0,Mike,Tressell,0,0,0,0,0,0,50,0,0,4,61,65535,54,0,0,1,0,0,0,0,40,65,0,0,0,0,0,0,0,3,2,0,0,0,0,0,0,0,0,0,0,0,0,2,0,0,1,0,3,0
0,0,0,40,46,0,29,29,42,1,0,0,153,0,511,121,0,1,0,65535,0,0,0,0,0,0,0,0,0,0,0,0,Pete,Kwitkowski,0,0,0,0,0,0,50,0,0,5,46,65535,50,0,0,1,0,0,0,0,40,65,0,0,0,0,0,0,0,3,2,0,0,0,0,0,0,0,0,0,0,0,0,4,0,0,0,0,2,1
0,0,0,40,46,0,34,29,37,1,0,0,170,0,511,124,0,1,0,65535,0,0,0,0,0,0,0,0,0,0,0,0,Brian,Newberry,0,0,0,0,0,0,50,0,0,5,62,65535,43,0,0,1,1,0,0,0,40,65,0,0,0,0,0,0,0,3,2,0,0,0,0,0,0,0,0,0,0,0,0,2,0,0,1,0,3,0
0,0,0,40,46,0,34,30,36,1,0,0,161,0,511,124,0,1,0,65535,0,0,0,0,0,0,0,0,0,0,0,0,Jamey,Chadwell,0,0,0,0,0,0,50,0,0,2,64,65535,56,0,0,1,0,0,0,0,40,65,0,0,0,0,0,0,0,3,2,0,0,0,0,0,0,0,0,0,0,0,0,2,0,0,1,0,2,0
0,0,0,40,46,0,34,36,30,1,0,0,176,0,511,121,0,1,0,65535,0,0,0,0,0,0,0,0,0,0,0,0,Brad,White,0,0,0,0,0,0,50,0,0,5,46,65535,53,0,0,1,1,0,0,0,40,65,0,0,0,0,0,0,0,3,2,0,0,0,0,0,0,0,0,0,0,0,0,4,0,0,1,0,2,0
0,0,0,40,46,0,33,29,38,1,0,0,177,0,511,122,0,2,0,65535,0,0,0,0,0,0,0,0,0,0,0,0,Art,Briles,0,0,0,0,0,0,50,0,0,0,55,65535,39,0,0,1,1,0,0,0,40,65,0,0,0,0,0,0,0,3,2,0,0,0,0,0,0,0,0,0,0,0,0,0,0,0,1,0,2,0
0,0,0,40,46,0,35,38,27,1,0,0,154,0,511,119,0,2,0,65535,0,0,0,0,0,0,0,0,0,0,0,0,Mark,Helfrich,0,0,0,0,0,0,50,0,0,5,40,65535,46,0,0,1,1,0,0,0,40,65,0,0,0,0,0,1,0,3,2,0,0,0,0,0,0,0,0,0,0,0,0,4,0,0,1,0,1,0
0,0,0,40,46,0,34,28,38,1,0,0,162,0,511,123,0,1,0,65535,0,0,0,0,0,0,0,0,0,0,0,0,Rocky,Longo,0,0,0,0,0,0,50,0,0,5,42,65535,35,0,0,1,0,0,0,0,40,65,0,0,0,0,0,0,0,3,0,0,0,0,0,0,0,0,0,0,0,0,0,4,0,0,1,0,0,1
0,0,0,50,64,0,31,36,33,1,0,0,141,0,511,122,0,2,0,65535,0,0,0,0,0,0,0,0,0,0,0,0,Jason,Garrett,0,0,0,0,0,0,50,0,0,5,58,65535,44,0,0,1,1,0,0,0,40,55,0,0,0,0,0,0,0,3,2,0,0,0,0,0,0,0,0,0,0,0,0,4,0,0,1,0,3,0
0,0,0,40,46,0,29,35,36,1,0,0,178,0,511,124,0,2,0,65535,0,0,0,0,0,0,0,0,0,0,0,0,Gary,Anderson,0,0,0,0,0,0,50,0,0,1,44,65535,52,0,0,1,0,0,0,0,40,65,0,0,0,0,0,0,0,3,2,0,0,0,0,0,0,0,0,0,0,0,0,2,0,0,1,0,2,1
0,0,0,50,62,0,31,31,38,1,0,0,311,0,511,124,0,0,0,65535,0,0,0,0,0,0,0,0,0,0,0,0,0,Coach,0,0,0,0,0,0,0,0,0,2,58,65535,52,0,0,1,0,0,0,0,55,62,0,0,0,0,0,0,0,3,2,0,0,0,0,0,0,0,0,0,0,0,0,2,0,1,1,0,4,1
0,0,0,50,57,0,35,28,37,1,0,0,310,0,511,124,0,0,0,65535,0,0,0,0,0,0,0,0,0,0,0,0,0,Coach,0,0,0,0,0,0,0,0,0,5,45,65535,43,0,0,1,1,0,0,0,40,40,0,0,0,0,0,0,0,3,2,0,0,0,0,0,0,0,0,0,0,0,0,2,0,1,1,0,3,0
0,0,0,50,52,0,32,32,36,1,0,0,309,0,511,122,0,0,0,65535,0,0,0,0,0,0,0,0,0,0,0,0,0,Coach,0,0,0,0,0,0,0,0,0,2,40,65535,53,0,0,1,1,0,0,0,45,47,0,0,0,0,0,0,0,3,2,0,0,0,0,0,0,0,0,0,0,0,0,2,0,1,0,0,4,0
0,0,0,50,40,0,32,38,30,1,0,0,308,0,511,122,0,0,0,65535,0,5,0,0,0,0,0,0,0,0,0,0,0,Coach,0,0,0,0,0,0,0,0,0,0,47,65535,51,0,0,1,0,0,0,0,55,57,0,0,0,0,0,1,0,3,2,0,0,0,0,0,0,0,0,0,0,0,0,1,0,1,1,0,1,0
0,0,0,50,41,0,29,32,39,1,0,0,307,0,511,121,0,0,0,65535,0,5,0,0,0,0,0,0,0,0,0,0,0,Coach,0,0,0,0,0,0,0,0,0,0,51,65535,53,0,0,1,1,0,0,0,40,59,0,0,0,0,0,0,0,3,2,0,0,0,0,0,0,0,0,0,0,0,0,3,0,1,0,0,0,0
0,0,0,50,46,0,33,35,32,1,0,0,306,0,511,121,0,0,0,65535,0,0,0,0,0,0,0,0,0,0,0,0,0,Coach,0,0,0,0,0,0,0,0,0,5,57,65535,42,0,0,1,0,0,0,0,45,56,0,0,0,0,0,1,0,3,2,0,0,0,0,0,0,0,0,0,0,0,0,5,0,1,1,0,1,1
0,0,0,50,49,0,30,34,36,1,0,0,305,0,511,121,0,0,0,65535,0,5,0,0,0,0,0,0,0,0,0,0,0,Coach,0,0,0,0,0,0,0,0,0,5,46,65535,50,0,0,1,1,0,0,0,55,49,0,0,0,0,0,2,0,3,2,0,0,0,0,0,0,0,0,0,0,0,0,3,0,1,0,0,2,1
0,0,0,50,42,0,28,36,36,1,0,0,304,0,511,120,0,0,0,65535,0,2,0,0,0,0,0,0,0,0,0,0,0,Coach,0,0,0,0,0,0,0,0,0,4,57,65535,48,0,0,1,0,0,0,0,40,44,0,0,0,0,0,1,0,3,2,0,0,0,0,0,0,0,0,0,0,0,0,2,0,1,0,0,1,0
0,0,0,50,46,0,31,29,40,1,0,0,303,0,511,120,0,0,0,65535,0,0,0,0,0,0,0,0,0,0,0,0,0,Coach,0,0,0,0,0,0,0,0,0,2,64,65535,52,0,0,1,1,0,0,0,45,43,0,0,0,0,0,1,0,3,2,0,0,0,0,0,0,0,0,0,0,0,0,0,0,1,0,0,1,0
0,0,0,50,47,0,32,34,34,1,0,0,302,0,511,124,0,0,0,65535,0,0,0,0,0,0,0,0,0,0,0,0,0,Coach,0,0,0,0,0,0,0,0,0,5,56,65535,57,0,0,1,0,0,0,0,50,39,0,0,0,0,0,1,0,3,2,0,0,0,0,0,0,0,0,0,0,0,0,4,0,1,1,0,1,0
0,0,0,50,57,0,30,29,41,1,0,0,301,0,511,123,0,0,0,65535,0,0,0,0,0,0,0,0,0,0,0,0,0,Coach,0,0,0,0,0,0,0,0,0,2,57,65535,52,0,0,1,1,0,0,0,55,67,0,0,0,0,0,1,0,3,2,0,0,0,0,0,0,0,0,0,0,0,0,0,0,1,0,0,1,0
0,0,0,50,41,0,35,36,29,1,0,0,300,0,511,122,0,0,0,65535,0,0,0,0,0,0,0,0,0,0,0,0,0,Coach,0,0,0,0,0,0,0,0,0,2,61,65535,39,0,0,1,0,0,0,0,40,53,0,0,0,0,0,2,0,3,2,0,0,0,0,0,0,0,0,0,0,0,0,0,0,1,1,0,2,0
0,0,0,50,49,0,28,34,38,1,0,0,299,0,511,121,0,0,0,65535,0,2,0,0,0,0,0,0,0,0,0,0,0,Coach,0,0,0,0,0,0,0,0,0,5,60,65535,46,0,0,1,1,0,0,0,45,54,0,0,0,0,0,0,0,3,2,0,0,0,0,0,0,0,0,0,0,0,0,2,0,1,0,0,2,0
0,0,0,50,44,0,34,31,35,1,0,0,298,0,511,120,0,0,0,65535,0,0,0,0,0,0,0,0,0,0,0,0,0,Coach,0,0,0,0,0,0,0,0,0,1,61,65535,52,0,0,1,0,0,0,0,55,59,0,0,0,0,0,0,0,3,2,0,0,0,0,0,0,0,0,0,0,0,0,0,0,1,1,0,2,0
0,0,0,50,67,0,28,30,42,1,0,0,297,0,511,119,0,0,0,65535,0,5,0,0,0,0,0,0,0,0,0,0,0,Coach,0,0,0,0,0,0,0,0,0,0,47,65535,65,0,0,1,1,0,0,0,40,42,0,0,0,0,0,1,0,3,2,0,0,0,0,0,0,0,0,0,0,0,0,1,0,1,0,0,1,0
